id,bedrooms,bathrooms,sqft_living,sqft_lot,floors,waterfront,view,yr_built
5631500400,2,1.0,770,10000,1.0,0,0,1933
7983200060,3,1.0,1250,9774,1.0,0,0,1969
9547205180,3,2.5,2300,3060,1.5,0,0,1930
1432701230,3,1.0,1280,9656,1.0,0,0,1959
9822700295,4,2.5,2830,5000,2.0,0,0,1995
2799800710,3,2.5,2420,4750,2.0,0,0,2003
1516000055,3,2.25,2150,21235,1.0,0,3,1959
2791500270,4,2.5,1980,7403,2.0,0,0,1988
4168000060,3,1.0,1200,10500,1.0,0,0,1962
1695900060,4,1.0,1610,2982,1.5,0,0,1925
7278700070,3,2.5,2400,6474,1.0,0,2,1964
6071600370,4,2.25,2030,8517,1.0,0,0,1961
3756500060,3,1.75,1780,9660,1.0,0,0,1962
6661200320,2,1.5,1050,3419,2.0,0,0,1996
3278600320,3,2.5,2150,4084,2.0,0,0,2007
46100204,5,3.0,3300,33474,1.0,0,3,1957
943100260,2,1.0,1000,10200,1.0,0,0,1961
6131600075,3,1.0,1300,8316,1.0,0,0,1954
3832710960,3,2.0,1810,7209,1.0,0,0,1978
4054500390,4,4.75,5310,57346,2.0,0,0,1989
6378500125,2,1.0,1040,7538,1.0,0,0,1939
5634500392,3,3.0,2420,13959,1.0,0,0,1988
8079030390,3,2.5,2650,7286,2.0,0,0,1990
3204800200,4,2.75,3320,10574,2.0,0,0,1960
1860600135,5,2.5,3650,9050,2.0,0,4,1921
325059286,5,2.75,3150,7119,2.0,0,0,2013
3353400435,3,2.0,1450,11204,1.0,0,0,2003
7520000520,2,1.0,1240,12092,1.0,0,0,1922
3291800710,4,3.0,2090,7500,1.0,0,0,1986
2460700700,3,2.0,1650,7352,1.0,0,0,1979
2697100140,4,2.25,2200,9351,1.0,0,0,1962
936000060,5,1.75,2190,27260,1.0,0,0,1947
8159610030,3,2.25,2070,11576,2.0,0,0,1974
8658300340,1,0.75,430,5050,1.0,0,0,1912
3629920030,4,2.25,1890,3006,2.0,0,0,2003
66000070,2,1.0,630,6550,1.0,0,0,1918
2625069070,4,3.25,4860,181319,2.5,0,0,1993
5423010350,5,2.5,3400,9500,2.0,0,1,1977
7852170140,4,2.5,3180,5438,2.0,0,0,2003
1245002952,4,2.5,2770,7800,2.0,0,0,1999
9238901420,3,1.0,1190,5100,1.0,0,0,1941
5126310400,4,2.5,2600,7787,2.0,0,0,2005
4402700070,2,1.0,1100,7680,1.0,0,0,1950
5694500105,2,2.0,1510,4000,1.0,0,0,1900
5466410030,3,2.0,1360,6082,1.0,0,0,1994
224069094,3,2.25,2120,40518,1.0,0,0,1967
8718500075,3,1.5,1300,8280,1.0,0,0,1956
8648100200,4,2.5,2050,10271,2.0,0,0,1998
3624079046,4,3.0,2230,108900,1.0,0,0,1978
2725069050,4,2.5,4120,22370,2.0,0,0,1997
5104510270,4,2.5,1830,5612,2.0,0,0,2003
192460060,3,1.75,1510,15744,1.0,0,0,1985
7504010570,3,2.5,3180,12600,2.0,0,0,1978
1442740140,3,2.25,2110,13300,2.0,0,0,1985
8018600765,3,1.75,1460,10584,1.0,0,0,1997
6600700030,3,2.25,1490,9414,2.0,0,0,1981
9500900135,3,1.5,1210,10588,1.0,0,0,1958
7812800565,3,1.0,960,6400,1.0,0,0,1944
5437820310,3,1.0,960,9633,1.0,0,0,1982
2218000335,3,1.75,1320,2500,1.0,0,0,1918
7214700350,4,1.75,2020,36400,1.0,0,0,1976
2324039036,3,2.0,2150,5400,1.5,0,0,1911
708000030,3,1.5,1250,8710,1.0,0,0,1953
6067910030,4,2.75,2510,11880,1.0,0,0,1978
9133600075,3,1.75,1830,11788,1.0,0,1,1958
1895000045,2,1.0,820,5100,1.0,0,0,1953
4022907770,4,1.75,2480,14782,1.0,0,3,1958
7967200060,3,1.75,1450,12125,1.0,0,0,1981
3832200070,4,1.75,1710,7140,1.0,0,0,1968
8820903380,6,2.25,2660,13579,2.0,0,0,1937
1932300075,2,1.0,1050,5900,1.0,0,0,1950
826069046,3,2.0,2100,72745,1.0,0,0,1995
293720140,3,2.5,2170,4912,2.0,0,0,2003
579003610,3,1.5,1430,5200,1.0,0,3,1940
826079094,3,2.0,1400,218252,1.0,0,0,1997
2972300060,3,2.75,2390,7939,1.0,0,0,1983
3575200070,3,2.25,2060,31400,2.0,0,0,1984
4040800810,3,2.25,2000,8030,1.0,0,0,1963
2612000390,3,2.5,1890,4838,2.0,0,0,2002
3814400125,4,2.0,1910,2874,1.0,0,0,1910
7230200340,3,1.0,1250,23680,1.0,0,0,1967
205000520,4,2.5,3200,36276,2.0,0,0,1993
259600260,3,1.0,1250,7210,1.0,0,0,1964
1922059135,2,2.0,1130,5500,1.0,0,0,1941
4006000251,3,1.0,970,5000,1.0,0,0,1968
1610000016,4,1.0,1300,6030,1.5,0,0,1947
8682262400,2,1.75,1350,4003,1.0,0,0,2004
9429500045,3,1.0,1620,30736,1.5,0,0,1911
1081300200,3,2.25,1640,11050,1.0,0,0,1972
4164100160,4,1.75,2390,23899,1.0,0,0,1949
4136890260,5,2.75,2400,8050,2.0,0,0,1998
1250700060,3,1.75,1830,4160,1.0,0,0,1919
5101405335,3,1.5,1260,9570,1.0,0,0,1941
9465910070,3,2.5,1940,10035,2.0,0,0,1994
2465400036,4,2.5,2780,10480,1.0,0,3,1967
8730000270,2,2.75,1370,1140,2.0,0,0,2009
7937600830,4,3.0,2570,262018,1.0,0,0,1988
8663280160,5,2.5,2520,7863,1.0,0,0,1981
8594400370,3,2.25,1560,35026,1.0,0,0,1985
3812400070,5,1.0,1410,6750,1.5,0,0,1929
6203000160,3,1.0,1490,10650,1.0,0,0,1963
5489200435,4,3.0,2670,5000,2.0,0,2,1916
7555210340,4,2.25,2360,8616,2.0,0,0,1974
1778350070,4,2.75,2790,10819,2.0,0,0,1996
5469700570,5,2.5,2970,24759,1.0,0,0,1969
8899200570,3,2.25,1900,7800,1.0,0,0,1977
3226049270,4,2.5,2160,8158,1.0,0,0,1952
342000570,2,1.0,1080,3600,1.0,0,0,1922
5476200160,3,1.0,1250,5411,1.0,0,0,1980
7199320570,4,2.25,1870,7700,2.0,0,0,1977
6414100560,3,1.75,1700,8432,1.0,0,0,1977
8682231170,2,2.0,1920,6045,1.0,0,0,2003
3353400860,3,1.75,2080,12522,1.0,0,0,1950
2021201000,4,3.0,3680,5854,1.0,0,3,1967
9421500070,4,2.25,1910,8005,1.0,0,0,1960
3340401535,1,1.0,730,6890,1.0,0,0,1926
524069037,2,1.0,1240,57000,1.0,0,0,1962
6114600030,4,3.0,2690,28300,1.0,0,0,1954
7237500390,5,4.5,6070,14731,2.0,0,0,2004
1788700160,3,1.0,1260,8378,1.0,0,0,1959
4137010260,3,2.25,2200,8375,2.0,0,0,1988
3343900326,4,3.5,3710,10400,2.0,0,0,2002
8062900070,5,1.5,2550,6300,1.0,0,0,1959
7137960030,3,2.5,1830,6162,2.0,0,0,1994
7533800295,4,3.25,3460,7749,2.0,0,1,1950
3523029041,2,0.75,440,8313,1.0,1,3,1943
3110800260,4,2.0,2440,9600,1.0,0,0,1963
7852030240,4,2.5,2320,3974,2.0,0,0,1999
1842900030,3,1.5,1200,11935,1.0,0,0,1968
8691300060,4,2.5,3690,13609,2.0,0,2,1996
8682281170,2,1.75,1510,6852,1.0,0,0,2005
1926049355,5,2.0,2620,7030,1.0,0,0,1965
2798600240,4,2.5,1720,5805,2.0,0,0,2000
5729200030,4,2.25,2350,18600,2.0,0,0,1977
8682220390,2,2.5,2630,7957,2.0,0,0,2003
2026049155,3,1.75,1680,8648,1.0,0,0,1963
7298040310,5,2.5,3840,16905,2.0,0,0,1991
273900030,3,1.5,1600,9072,1.0,0,0,1963
2723069082,4,2.25,2510,133729,2.0,0,0,1977
7436500270,5,2.25,2100,6936,1.0,0,0,1974
4022900125,4,2.5,2430,11870,1.0,0,0,1968
3630180340,4,2.5,3370,5000,2.0,0,0,2006
1939130070,4,2.5,2820,8307,2.0,0,0,1990
1453600202,4,3.5,2680,10000,2.0,0,0,1942
5469300270,3,1.75,1490,8366,1.0,0,0,1975
5100401414,2,1.0,880,6380,1.0,0,0,1938
4473400045,3,2.0,2040,5600,1.0,0,1,1954
6880200030,3,1.75,1860,7881,1.0,0,0,1986
3630120700,3,3.25,3190,5283,2.0,0,0,2007
952003435,2,1.0,820,4025,1.0,0,2,1922
6204200340,3,1.75,1730,18250,1.0,0,0,1988
6202600070,5,2.5,3890,27311,2.0,0,2,1950
8581200030,4,2.0,1220,9100,1.5,0,0,1970
4279200060,4,2.5,2110,9825,2.0,0,0,2000
7214810550,4,2.25,2270,12000,1.0,0,0,1979
8019200030,3,1.5,1500,14750,1.5,0,0,1933
1250203335,4,2.5,2920,7200,1.0,0,3,1921
1531000140,4,2.5,3350,46748,2.0,0,0,2004
3832310350,3,1.75,1100,7224,1.0,0,0,1981
6127011000,4,2.5,2550,4630,2.0,0,0,2005
1223089083,3,2.75,3010,206910,2.0,0,2,2001
5469501940,3,1.75,2190,12626,2.0,0,0,1978
3649100473,3,1.5,1300,12240,1.0,0,0,1963
9521100960,4,1.5,2820,4000,2.0,0,0,1911
9542000075,3,1.75,2000,14733,1.0,0,0,1958
4022902505,3,2.25,2220,9800,2.0,0,0,1987
1545803240,3,2.25,1520,7930,1.0,0,0,1988
8581200350,3,1.5,1180,7000,1.0,0,0,1977
2822069078,4,2.0,2500,36900,1.0,0,0,1972
5021900140,5,4.25,4830,11466,2.0,0,0,2014
7214800240,4,2.25,2510,9800,2.0,0,0,1978
2787720140,3,2.5,1790,11542,1.0,0,0,1969
3295610350,5,2.75,3430,15119,2.0,0,0,1998
2944500710,4,2.5,2430,9103,2.0,0,0,1990
7805460030,3,2.5,2250,10171,2.0,0,0,1987
8079100370,3,2.0,2060,7000,1.0,0,0,1988
5634500251,3,1.0,1160,36831,1.0,0,0,1938
8643200055,3,1.75,1790,12000,1.0,0,0,1960
4083306175,3,1.75,1080,3200,1.0,0,0,1926
5104510240,4,2.5,1830,8601,2.0,0,0,2003
6918700320,5,2.5,1900,7843,2.0,0,0,1966
2143700830,4,2.5,2100,19680,1.5,0,0,1914
98030140,4,4.0,3280,8448,2.0,0,0,2007
6151800135,4,1.75,2020,16120,1.0,0,0,1969
1545807990,3,1.75,1890,10661,1.0,0,0,1978
3904921070,4,2.5,2340,8971,2.0,0,0,1987
2968800626,4,2.0,1770,8890,1.0,0,0,1949
1426049083,3,2.5,2760,11287,2.0,0,3,1991
2472930270,3,2.5,3110,9015,2.0,0,0,1990
3626500045,3,2.5,1980,13964,1.0,0,0,1959
6699940140,4,2.5,2470,5015,2.0,0,0,2004
1823049171,5,1.5,1950,9000,1.0,0,0,1964
8730000260,2,2.75,1370,1140,2.0,0,0,2009
5315100806,4,3.0,2720,11740,1.0,0,0,1957
8651430370,3,1.0,1240,5200,1.0,0,0,1969
461003251,3,2.25,1130,1221,2.0,0,0,2004
2525300550,3,1.0,1200,9936,1.0,0,0,1969
2618300350,3,1.0,1390,12145,1.0,0,0,1964
6402300070,4,2.5,2390,10000,1.0,0,0,1975
2175100270,3,1.75,2640,8000,1.0,0,3,1960
2568300132,3,2.0,1870,5455,1.0,0,0,1926
6414100111,2,1.0,990,9223,1.0,0,0,1949
4379600030,3,3.75,6400,76665,1.0,0,2,1966
2113701200,2,1.0,670,4640,1.0,0,0,1943
4219400520,4,2.25,3040,5000,2.0,0,3,1926
3354400060,2,1.0,1088,8453,1.0,0,0,1952
1355200060,4,2.5,3300,10764,1.0,0,0,1971
6619510060,4,3.0,2030,12675,2.0,0,0,1982
6632900340,4,2.0,1850,8827,1.0,0,0,1969
8644400060,3,2.5,2320,57063,1.0,0,0,1979
3815500045,3,2.25,1880,12473,1.0,0,0,1958
3905000200,4,2.5,2260,7753,2.0,0,0,1989
7137900960,4,2.0,1570,9415,2.0,0,0,1984
5104531820,4,2.5,2910,7631,2.0,0,2,2006
8880600070,4,2.0,1870,8750,1.0,0,2,1977
4140090370,4,2.5,3060,7920,1.0,0,0,1974
6893300295,4,1.75,2430,13211,1.5,0,0,1909
2333230270,4,2.5,1990,3980,2.0,0,0,2002
7229700105,2,2.0,1510,20685,1.0,0,0,1958
4443800810,3,1.75,1250,3880,1.0,0,0,1944
1088000030,4,2.25,1990,8548,2.0,0,0,1973
1383500070,4,2.5,2303,16801,2.0,0,0,1995
6728700075,4,1.75,1280,6060,1.0,0,0,1926
6300000693,2,2.25,850,1656,2.0,0,0,2001
6413100270,3,1.75,1540,9000,1.0,0,0,1971
824059277,3,3.5,2600,11920,2.0,0,0,1969
1163100070,4,2.5,1960,8540,1.0,0,0,1955
1137300340,4,2.5,2780,35000,1.0,0,0,1985
1300301840,4,2.25,2570,9600,2.5,0,0,1962
8562900520,5,3.5,3690,11928,2.0,0,0,2006
4027701182,3,1.0,1320,11457,1.0,0,0,1959
7796600070,3,1.5,1190,8726,1.0,0,0,1956
3629910370,3,2.5,2190,3600,2.0,0,0,2003
765000060,4,2.0,1570,11200,1.0,0,0,1959
3126049094,4,2.0,2195,2681,1.0,0,0,1912
3630120960,3,3.25,3230,5000,2.0,0,0,2006
3622059155,4,2.5,1810,39639,1.0,0,0,1970
7277100640,3,2.5,3050,6000,1.0,0,3,1984
5152920070,3,2.5,3410,13809,1.0,0,3,1973
6071700160,6,2.75,2660,8400,1.0,0,0,1962
1626079012,3,1.75,1720,223377,1.0,0,0,1950
2954400520,4,3.25,5180,49936,2.0,0,0,1991
1121059105,3,2.5,2860,43821,2.0,0,0,1990
8078460810,4,2.5,2580,7465,2.0,0,0,1993
6791400320,3,1.75,1530,14087,1.0,0,0,1979
8732000390,3,1.5,1270,11600,1.0,0,0,1964
3176600055,3,1.75,1480,7475,1.5,0,0,1943
825059271,3,2.75,2980,12600,1.5,0,0,1941
823069074,4,2.5,2660,65340,2.0,0,0,1988
5146000070,3,2.25,1750,12408,1.0,0,0,1962
9274200316,3,2.5,1680,934,3.0,0,0,2008
8079100700,4,2.5,2240,7350,2.0,0,0,1989
7227501369,4,2.5,1960,7133,2.0,0,0,2002
7555220140,4,2.75,2240,8937,1.0,0,0,1976
4038600260,4,2.25,2380,16236,1.0,0,0,1961
9371700132,3,1.75,1390,9585,1.0,0,0,1973
6384500581,3,1.75,2040,6000,1.0,0,0,1958
9315100030,3,1.0,1090,8520,1.0,0,0,1967
9222400935,3,1.0,1280,2580,1.5,0,0,1910
2591760070,3,2.5,2190,4882,2.0,0,0,1999
826069085,3,2.25,2080,50965,1.0,0,0,1979
148000705,4,3.5,3070,4440,2.0,0,0,1922
324059112,4,2.75,2060,21344,1.0,0,0,1978
3222079162,3,2.0,1760,43575,1.0,0,0,1988
8121610110,3,1.75,1720,37363,1.0,0,0,1974
9406450090,4,2.25,2360,6260,2.0,0,0,1998
2619950490,3,2.25,1530,4580,2.0,0,0,2011
5029450850,3,1.75,1420,6980,1.0,0,0,1980
9285800735,2,1.0,1070,6100,1.0,0,0,1940
1455600015,3,3.5,2350,10739,1.0,0,2,1940
9528101224,3,3.5,1420,1217,2.0,0,0,2003
1950900245,3,1.0,1150,8050,1.5,0,0,1956
5214500690,4,2.5,1970,8545,2.0,0,0,2004
4045900147,3,2.75,2550,54014,2.0,0,0,1967
7278100690,3,1.5,1860,7190,2.0,0,1,1952
6821102100,2,1.0,810,6480,1.0,0,0,1942
7276100165,3,2.5,2050,3218,3.0,0,0,2008
7855600820,4,2.25,2130,8734,2.0,0,2,1961
1463400047,4,2.0,1910,10200,1.0,0,0,1963
5318100504,2,2.0,1450,2272,1.0,0,0,1924
9320600090,3,1.5,1560,8314,1.0,0,0,1962
5083000375,3,1.0,1310,9529,1.0,0,0,1956
2144800215,4,1.75,2080,13629,1.0,0,0,1955
5101405265,4,2.5,2170,5257,2.0,0,0,1989
2205700405,3,1.0,1340,13750,1.0,0,0,1955
1150001270,3,2.5,2270,7866,1.0,0,0,1988
7130300690,2,1.0,1080,6250,1.0,0,2,1942
9358001566,2,2.5,1410,1281,2.0,0,0,2008
6021500245,2,1.0,1260,4000,1.0,0,0,1940
8651401270,3,1.0,840,6500,1.0,0,0,1969
8864000735,4,2.0,2030,8426,2.0,0,0,1944
7885801460,4,2.5,2260,5702,2.0,0,0,2002
1823099076,3,2.5,1780,47480,2.0,0,0,1995
221049191,3,2.5,2120,22482,1.0,0,0,1979
7452500315,2,1.0,1210,4895,1.0,0,0,1951
84000245,3,1.75,1100,9452,1.0,0,0,1942
8127700820,3,2.0,1470,4640,1.5,0,0,1926
114101500,4,1.75,1370,9993,1.0,0,0,1918
5561401220,6,3.0,4050,36171,2.0,0,0,1970
6116500028,3,1.75,1630,9000,1.0,0,0,1956
6141100750,3,1.0,1380,6591,1.0,0,0,1947
2968801105,2,1.0,950,8100,1.0,0,0,1955
7214711270,5,2.25,2940,38009,1.0,0,0,1977
117000100,3,1.75,1660,5750,1.0,0,0,1909
3959400855,4,2.75,2470,7200,1.0,0,0,1940
624110930,3,3.5,3460,15745,2.0,0,0,1986
2420069251,1,0.75,520,12981,1.0,0,0,1920
9808700405,3,2.5,2660,13367,2.0,0,2,1992
9818700215,5,2.0,2000,3000,1.5,0,0,1931
3359500110,2,2.25,2550,6000,2.0,0,0,1902
3876311390,3,2.25,2090,9163,1.0,0,0,1975
6638900115,2,1.0,750,4680,1.0,0,0,1948
1523089097,3,1.5,2520,37616,1.0,0,0,1955
7820000038,3,2.0,1700,10000,2.0,0,0,1992
8562700300,3,1.75,1070,8030,1.0,0,0,1966
9558020600,4,2.5,2460,5440,2.0,0,0,2003
8901500178,4,2.25,2440,9450,1.5,0,0,1947
1118001408,5,4.75,5410,13431,2.0,0,0,1941
7227501745,4,2.0,3160,11193,1.0,0,0,1942
7518502490,3,2.0,1690,5100,1.5,0,0,1907
9349900110,2,1.5,1140,2500,1.0,0,1,1988
7813200115,2,1.0,790,6426,1.0,0,0,1944
3824100246,4,2.75,2200,9676,1.0,0,0,1979
868000615,4,2.5,2600,11542,1.5,0,0,1939
3629870110,3,2.5,1910,3075,2.0,0,0,2001
203100690,4,2.75,3160,42733,2.0,0,0,1995
2023069059,3,3.0,2840,206910,2.0,0,0,1999
7987400356,2,1.0,1220,2500,1.0,0,0,1910
3449900090,4,2.5,2630,5379,2.0,0,0,2004
4083301645,3,1.0,1550,6840,1.5,0,0,1918
1322059002,3,1.75,1980,273556,1.0,0,0,1956
5393601050,4,2.0,1650,6000,1.0,0,0,1959
3340401570,3,1.75,1830,7969,1.0,0,0,1950
7229000025,4,3.0,2200,10800,1.0,0,0,1960
1331900110,4,2.5,2960,28005,2.0,0,0,1989
7846700850,3,1.0,1150,6000,1.5,0,0,1927
2825059256,4,2.5,3030,13068,2.0,0,0,1978
9272200090,4,4.5,3780,6000,2.0,0,4,1910
1515920090,3,2.5,2440,18674,2.0,0,0,1994
2141310490,3,2.25,1920,8412,1.0,0,2,1977
5072300100,4,2.25,3380,9900,1.0,0,2,1969
4397000100,4,2.5,3140,12591,2.0,0,0,1993
225039175,5,3.0,2450,4591,2.0,0,0,1994
3693900985,2,1.0,1260,5000,1.0,0,0,1951
7657000165,4,1.0,1070,7467,1.5,0,0,1944
1561600025,3,1.5,1660,8797,1.0,0,0,1956
1422700110,3,1.0,1740,10875,1.0,0,0,1962
1075100090,3,2.0,1710,8910,1.0,0,0,1953
726049202,3,1.0,1020,10200,1.0,0,0,1954
1023089228,3,1.75,1250,13775,1.0,0,2,1990
7133300044,3,3.5,1360,1275,2.0,0,0,2007
806800090,3,1.75,1890,5000,1.0,0,0,2003
3861400061,3,1.75,1480,9603,1.0,0,0,1952
809002680,4,1.75,2410,6000,1.5,0,0,1911
1314300018,3,3.25,1400,1343,2.0,0,0,2005
1105000296,2,1.0,720,5913,1.0,0,0,1920
5423030300,4,1.75,2420,7672,1.0,0,0,1979
4447300008,3,1.5,1950,1963,3.0,0,0,2002
6413600123,3,2.25,1870,7403,1.0,0,0,1950
1233100601,2,1.0,840,7414,1.0,0,0,1928
126059097,3,3.5,2690,104544,2.0,0,0,1948
1437580600,5,4.5,4140,7924,2.0,0,0,2005
793200100,3,1.25,2350,6200,1.0,0,0,1966
6744700900,4,2.5,2570,13450,1.0,0,4,1948
585000008,2,1.0,1020,4002,1.0,0,0,1953
7974700112,4,2.5,2530,6500,1.5,0,0,1975
9238500100,4,2.25,2070,20280,2.0,0,0,1968
399000195,3,1.0,960,7500,1.0,0,0,1953
9521100855,3,1.5,1290,1286,3.0,0,0,2000
4435000705,3,1.0,1350,8700,1.5,0,0,1942
8146300025,4,2.5,2500,8680,1.0,0,0,1958
1250202430,3,1.5,2210,6300,1.5,0,0,1916
6929602605,3,1.75,1200,8631,1.0,0,0,1959
3885801450,2,1.0,1150,6000,1.0,0,1,1921
723049476,3,2.25,1630,9145,1.0,0,0,1960
9275702350,3,1.5,2390,4452,2.0,0,1,1929
1311000600,5,1.75,2320,7700,1.0,0,0,1962
2600020100,4,2.5,2720,10455,2.0,0,2,1981
304100090,4,2.25,1500,5393,2.0,0,0,1999
8961990090,3,2.5,2070,4132,2.0,0,0,1999
7215730590,4,3.5,3150,6175,2.0,0,0,2001
7525530100,5,3.5,4180,17841,2.0,0,2,1990
1925059194,4,2.25,2840,20242,1.0,0,0,1972
7883607645,1,1.0,720,6000,1.0,0,0,1940
2946000590,3,1.5,1820,8750,1.0,0,0,1958
685000115,8,6.0,4340,9415,2.0,0,0,1967
3277801450,4,1.0,1140,6250,1.5,0,0,1958
7980900011,3,2.0,1910,13505,1.0,0,0,1955
4022906430,3,2.25,2070,15002,1.5,0,0,1955
318500300,4,2.75,2640,6240,2.0,0,0,2001
1446400785,3,1.0,1120,6625,1.0,0,0,1942
4400200057,3,3.5,2050,2020,2.0,0,0,2006
726049232,3,1.75,1660,10150,1.5,0,0,1957
7230000265,3,2.5,2970,21907,2.0,0,0,1998
3585900090,4,2.5,3130,21100,1.0,0,4,1956
871001105,4,2.75,3160,7143,1.5,0,0,1933
1725059209,6,2.5,2680,11250,1.0,0,0,1967
8669400100,4,2.75,4190,38912,1.0,0,0,1965
3824100051,4,1.75,1690,8392,1.0,0,0,1979
3987700115,4,1.75,1640,9299,1.5,0,0,1943
492000475,4,1.5,2010,7561,1.5,0,0,1921
3856904580,3,1.75,2050,4080,2.0,0,0,1991
952007069,3,1.75,1230,1441,2.0,0,0,2004
952004745,4,1.0,1070,5750,1.0,0,0,1923
2303900090,4,2.5,5760,32033,2.0,0,4,1994
254000100,4,2.25,2870,5453,2.0,0,1,1926
6163901751,3,1.0,880,9238,1.5,0,0,1946
7852060490,3,2.5,1590,3411,2.0,0,0,2000
522069119,3,2.5,2720,62310,1.0,0,0,1985
3395041194,3,2.75,1880,1793,2.0,0,0,2001
8732030490,4,2.5,2460,7800,1.0,0,0,1977
3856902250,3,1.0,1370,4000,2.0,0,0,1918
3359500755,5,1.0,1690,3240,1.5,0,0,1914
5101408593,5,1.5,2240,6337,1.0,0,0,1956
8902000068,3,2.0,1510,7066,1.0,0,2,1973
6145601810,2,1.0,1040,5765,1.0,0,0,1944
7853340490,2,2.5,1620,3196,2.0,0,0,2008
1015500300,3,2.5,1870,7344,1.0,0,0,1980
3972300100,4,2.5,2060,8968,1.0,0,0,1975
3876300600,4,1.75,1610,11305,1.0,0,0,1968
4037800015,5,2.0,2590,8610,1.0,0,0,1958
2719100042,3,2.0,1890,1599,2.0,0,0,2012
4112100165,3,3.0,2010,2554,2.0,0,0,2001
524069019,4,3.25,4400,262666,2.0,0,0,1988
4083304190,1,2.5,1820,3008,2.0,0,0,1910
3223069019,3,1.0,1410,81021,1.0,0,0,1949
9835800750,3,2.25,1640,7630,1.0,0,0,1968
2222059064,4,1.75,1870,22072,1.0,0,0,1959
2011400583,3,2.5,2700,9994,1.0,0,3,1959
1796100015,4,3.5,3090,100835,2.0,0,0,1999
3626079040,2,3.0,2560,982278,1.0,0,0,2004
3052700855,3,1.5,1500,5000,1.5,0,0,1927
984200590,3,1.75,1500,10230,1.0,0,0,1968
9353300090,3,2.0,1630,10723,1.0,0,0,1959
1565950090,4,2.5,2020,7277,2.0,0,0,1993
7202331500,5,3.0,4180,8561,2.0,0,0,2003
621069039,4,2.25,1620,106722,1.0,0,0,1980
9264910900,4,2.5,2830,7350,1.0,0,0,1982
7140700300,3,2.5,2280,6386,2.0,0,0,2008
723049333,3,1.5,1490,10367,1.0,0,0,1957
1545805820,3,1.75,1590,7620,1.0,0,0,1984
3818700123,3,2.0,2360,5737,2.0,0,0,2003
7977200590,3,1.75,1640,4590,1.5,0,0,1951
4270600025,5,1.75,2020,7902,1.0,0,0,1962
1922059445,3,2.5,2430,15264,2.0,0,0,1997
7345310100,4,1.75,1650,6900,1.0,0,0,1978
3290800215,2,1.0,980,4120,1.0,0,0,1950
3275880100,4,2.5,2580,15031,2.0,0,0,1999
1061500110,3,1.0,1030,15264,1.0,0,0,1962
4331400090,3,1.5,1430,8960,1.0,0,0,1953
9136102680,3,1.75,1610,3210,1.0,0,0,1928
3225059223,4,3.5,3410,10769,2.0,0,0,2008
4151800195,3,1.0,1410,4840,1.0,0,2,1942
4054520100,4,2.5,3700,63991,2.0,0,0,1992
1036400110,3,2.25,2080,12134,1.0,0,0,1973
7300410110,4,2.5,2490,8290,2.0,0,0,1999
2432000110,4,2.75,2410,9549,1.0,0,0,1956
3905100740,4,2.5,1780,4169,2.0,0,0,1994
7348200195,3,1.0,990,12696,1.5,0,0,1936
8081900195,3,1.0,1590,4600,1.5,0,0,1926
6414100025,4,2.5,3260,10032,1.0,0,0,1978
4141400100,4,2.25,2050,9720,2.0,0,0,1967
4123810090,3,2.25,2140,10256,2.0,0,0,1987
1180500100,4,2.75,1920,4627,1.0,0,0,1998
6817801030,3,1.0,1160,10881,1.0,0,0,1983
8718500275,3,2.75,1950,12240,1.0,0,0,1956
2011400019,5,2.5,2580,11250,1.0,0,0,1964
8643000225,5,1.5,1790,11656,2.0,0,0,1963
2891000680,3,1.75,1070,6110,1.0,0,0,1968
3226049478,4,1.0,1350,9000,1.5,0,0,1964
7522500005,2,1.5,1780,4750,1.0,0,0,1947
192300020,3,2.75,2100,10362,2.0,0,0,1998
6181430280,5,2.5,3597,4972,2.0,0,0,2006
8562800250,4,2.25,2270,10000,1.0,0,0,1974
109210280,4,2.25,1950,7280,2.0,0,0,1979
446000190,5,3.25,2450,6534,2.0,0,0,1951
6669020500,4,1.75,2440,7350,1.0,0,0,1978
7140200380,3,2.0,1910,8050,1.0,0,0,1980
121029034,2,1.0,2034,13392,1.0,1,4,1947
6117500430,5,3.5,4050,13495,1.0,0,2,1988
7203230010,4,3.25,3830,8331,2.0,0,0,2014
2459970020,4,2.5,1950,5451,2.0,0,0,2004
421000285,4,1.5,1730,7020,1.5,0,0,1953
5606000233,5,2.75,1510,5700,2.0,0,1,1946
3578110020,3,2.25,1800,6680,2.0,0,0,1983
6430500010,5,2.5,2200,4080,1.5,0,0,1916
6430000280,4,2.0,1880,5100,1.0,0,0,1952
5151600170,3,1.5,1780,12231,1.0,0,0,1956
1672000020,4,2.25,2410,16650,1.0,0,0,1965
7856410430,6,2.75,5700,20000,1.0,0,4,1977
6744700285,4,3.5,3270,15160,1.0,0,2,1997
2624049167,3,1.5,2090,11895,1.0,0,0,1954
2322059136,3,2.5,2920,434728,2.0,0,3,1999
5412300130,3,2.0,1430,7280,1.0,0,0,1980
3834500417,3,3.25,1760,1778,3.0,0,0,2008
6450300840,4,3.75,2560,5250,2.0,0,0,1963
2877102651,4,2.0,2300,3400,1.5,0,0,1915
8651510020,3,2.25,2100,7335,2.0,0,0,1983
510002995,4,1.0,1640,4200,1.5,0,0,1925
1432600415,3,1.0,1150,7560,1.0,0,0,1958
8857600680,5,1.5,1690,7725,1.5,0,0,1961
3303980680,4,3.5,3430,13609,2.0,0,0,2001
1775930010,3,2.75,1990,19991,1.0,0,0,1977
923049323,4,1.0,1280,8316,1.0,0,0,1950
2124079093,2,3.25,3570,392475,1.0,0,0,1998
9828702890,5,1.5,3050,2992,1.5,0,0,1931
1515910290,4,2.5,2650,9451,2.0,0,0,1993
3459000020,3,2.25,1750,15528,1.0,0,0,1963
6332940020,5,2.0,2130,8412,1.0,0,0,1946
8802400415,3,1.0,1050,8498,1.0,0,0,1958
98030660,4,2.5,3880,7208,2.0,0,0,2006
3905100380,4,2.25,1860,3766,2.0,0,0,1995
7760400480,3,2.5,1370,9253,1.0,0,0,1994
3856904970,2,1.0,1120,4284,1.0,0,0,1921
9264900660,4,2.5,2500,9654,1.0,0,0,1979
1155640050,4,1.75,1710,7724,1.0,0,0,1983
8691370290,4,2.75,2820,8009,2.0,0,0,2001
1443500305,6,2.5,1560,7144,1.0,0,0,1913
7883603190,3,1.0,1320,5750,1.5,0,0,1913
3629980780,4,2.75,2940,4232,2.0,0,0,2004
8078550250,4,2.75,2520,6964,1.0,0,0,1987
4359100050,3,1.5,1360,9625,1.0,0,0,1963
7202350480,3,2.5,2120,4780,2.0,0,0,2004
8860500130,4,3.5,2720,6781,2.0,0,0,1999
4322300010,3,2.0,1970,9600,1.0,0,0,1967
7215720250,4,2.5,3160,13063,2.0,0,0,1999
8163000020,5,3.0,2240,18265,2.0,0,0,1963
6065300840,4,4.0,5040,17208,1.0,0,0,1976
3293700221,3,1.0,1260,7660,1.0,0,0,1947
2475200080,3,1.75,1250,5546,1.0,0,0,1987
2264500425,2,1.75,1760,4400,1.0,0,0,1930
2589300170,4,1.0,1680,5043,1.5,0,0,1911
855700170,4,2.25,2240,8322,2.0,0,0,1979
1822069109,3,2.5,2540,51836,1.0,0,0,1976
238000244,3,2.5,2890,21780,2.0,0,0,2000
7972600430,4,2.0,1870,3497,1.0,0,0,1954
1787600094,3,1.0,1160,7875,1.0,0,0,1953
9407000840,3,1.75,1660,10440,1.0,0,0,1978
2896000680,4,2.75,2810,17674,1.0,0,0,1978
9328500680,4,1.75,1680,6758,1.0,0,0,1974
9238500480,4,2.75,2430,20720,1.0,0,0,1967
2459950010,3,2.0,1390,7200,1.0,0,0,1996
1604600095,5,3.0,1810,3000,2.0,0,0,1998
622100130,2,2.0,1440,15000,1.0,0,0,1985
3905030480,4,2.25,1990,5948,2.0,0,0,1991
2824069142,3,2.0,1420,11325,1.0,0,0,1980
2491200675,3,2.0,1550,6394,1.5,0,0,1918
6326000130,3,3.5,2620,10137,2.0,0,0,1992
7334501410,4,2.25,1600,15312,1.0,0,0,1979
8682230950,2,2.0,1660,4500,1.0,0,0,2003
8944320280,3,2.5,2110,4549,2.0,0,0,1989
98000980,4,3.5,4570,16219,2.0,0,0,2002
1526079026,5,3.5,3530,218472,2.0,0,0,1999
2895600095,3,2.5,2290,6328,2.0,0,0,2001
2025700080,3,2.5,1530,6000,2.0,0,0,1991
6744701310,4,2.5,3830,11972,1.0,1,4,1981
475000190,3,2.25,1450,1540,2.0,0,0,2005
7893202340,4,2.25,2280,7500,1.0,0,0,1963
7839300185,3,1.0,1340,4800,1.5,0,0,1903
2426039130,4,1.0,1390,10800,1.5,0,0,1941
2224079001,3,2.0,2570,159865,1.0,0,0,1968
1624079088,3,2.75,3900,111514,2.0,0,0,1967
7200001259,3,1.75,2390,9000,1.0,0,0,1975
7334501440,3,1.5,1150,11475,1.0,0,0,1971
2877103070,4,2.5,2040,5000,1.5,0,0,1924
3578401700,3,1.75,2050,9580,1.0,0,0,1984
5631500213,3,2.25,1180,9630,2.0,0,0,1986
9141100255,2,2.25,1950,29347,1.0,0,0,1953
6372000101,3,2.0,1200,2016,1.0,0,1,1931
7802900380,2,1.0,1360,69260,1.0,0,0,1937
1233100321,3,2.5,2980,7202,2.0,0,0,1999
7625704317,2,1.0,840,4500,1.0,0,0,1939
2946000912,3,1.5,1270,7128,1.0,0,0,1954
461004095,3,1.75,1620,5000,1.0,0,0,1954
8802400896,2,1.0,970,8185,1.0,0,0,1904
2926049408,3,2.0,3000,17800,1.0,0,0,1962
5147600095,3,1.75,1070,7754,1.0,0,0,1953
8663370020,3,2.0,1610,6911,1.0,0,0,1988
2273600250,3,1.75,1570,8530,1.0,0,0,1983
3629870020,3,2.5,1870,3485,2.0,0,0,2001
3275300440,2,2.0,1260,10200,1.0,0,0,1983
9822700190,9,4.5,3650,5000,2.0,0,0,1915
7971300050,3,2.0,2320,10960,1.0,0,0,1956
7613700950,5,3.0,2830,7500,2.0,0,0,1923
7135300275,1,1.0,720,5000,1.0,0,0,1908
7701800050,5,3.0,2790,19439,1.0,0,3,1973
2623069069,3,2.5,2620,241200,1.5,0,0,1998
9126101511,4,3.0,3250,2760,2.5,0,0,1905
1518000080,3,2.5,1570,3143,2.0,0,0,2001
7883605915,3,1.0,1020,6000,1.5,0,0,1900
1951700480,4,1.75,1990,12950,1.0,0,0,1968
9406500480,2,2.0,1384,1822,2.0,0,0,1990
203900460,3,2.0,1810,10860,1.0,0,0,1967
7878400022,4,2.25,3060,7920,1.0,0,0,1965
1727500010,3,1.75,1340,6300,1.0,0,0,1972
2787310130,4,1.75,2090,7416,1.0,0,0,1970
3904902500,4,2.5,2940,14071,2.0,0,0,1986
4401200130,4,2.75,3100,10245,2.0,0,0,1999
2877102846,3,2.25,1700,3333,1.5,0,0,1924
414100630,3,1.0,1380,7470,1.0,0,0,1965
5127000470,3,2.25,1780,9720,1.0,0,0,1981
6412600005,4,1.5,1430,7232,1.5,0,0,1948
2024069008,5,4.75,5990,10450,2.0,1,4,2002
6071800480,3,1.5,1220,8400,1.0,0,0,1962
8823902005,5,1.75,2290,4320,2.0,0,0,1928
9831200221,3,2.5,1420,1438,2.0,0,0,2003
3905050280,3,2.5,2060,4812,2.0,0,0,1990
8071000050,2,1.0,1040,5700,1.0,0,0,1922
3523069008,4,3.25,4360,210254,1.0,0,0,2000
6806300920,4,2.5,3020,8302,2.0,0,0,1994
3317010130,3,1.75,1090,7647,1.0,0,0,1994
7849201061,4,2.5,2020,7200,1.5,0,0,1954
1736800920,3,1.75,1320,7840,1.0,0,0,1966
5279100675,2,1.0,1180,4900,1.0,0,0,1954
6600780130,4,3.0,3110,7231,2.0,0,0,1997
5112800233,3,1.5,1970,22486,1.0,0,0,1968
2588800006,3,1.5,1290,8366,1.0,0,0,1957
5416500660,4,2.5,2960,4640,2.0,0,0,2005
9828200460,2,1.0,700,4800,1.0,0,0,1922
9476200545,3,2.0,1350,6696,1.0,0,0,1944
862000020,6,1.0,1430,20620,2.0,0,0,1954
8682260470,2,1.75,1440,4225,1.0,0,0,2005
8148600020,2,1.0,870,6537,1.0,0,0,1948
7272000980,3,1.75,1750,9623,1.0,0,0,1962
7224000950,2,1.0,810,4838,1.0,0,0,1938
9368700006,5,1.75,2230,7560,1.0,0,0,1959
2460900020,3,1.0,1560,3960,1.5,0,0,1907
3904901330,3,2.25,1610,5159,2.0,0,0,1985
3300760020,3,2.0,1530,6773,1.0,0,0,1984
2301400655,4,1.75,2090,5050,1.0,0,0,1916
7936500190,4,3.75,2130,34689,1.5,1,4,1955
126039323,5,1.75,2060,10911,1.0,0,0,1954
2324079073,3,2.75,2930,218235,2.0,0,2,1990
8691360380,4,2.5,3560,13981,2.0,0,0,2000
4365200630,2,2.0,1900,7740,1.0,0,0,1923
1839910470,3,1.75,1540,7490,1.0,0,0,1971
3668000670,3,2.0,1430,7905,1.0,0,0,1988
1274500420,3,1.0,1010,8906,1.0,0,0,1968
8151600470,2,1.0,940,8384,1.0,0,0,1947
5104530430,3,2.5,2370,4375,2.0,0,0,2006
1250202285,3,3.0,3420,7826,2.0,0,0,1939
1099600250,3,1.75,1710,6400,1.0,0,0,1976
7211402115,3,1.0,1120,7500,1.0,0,0,1965
1854900470,3,2.5,2890,7027,2.0,0,0,2004
3709600190,4,2.5,2130,4750,2.0,0,0,2009
3210200373,4,1.75,1740,9344,1.0,0,0,1978
2436200185,4,3.5,3840,4000,2.0,0,0,2001
126059242,3,1.75,1880,45738,1.0,0,0,1980
3322049005,4,2.75,5440,239580,1.0,0,0,1969
3323059027,3,2.75,1720,28000,1.0,0,0,1958
7503000020,4,3.0,1830,9548,2.0,0,0,1991
7853340430,2,2.5,1700,2513,2.0,0,0,2009
305000170,3,2.5,2510,6320,2.0,0,0,1996
5608000630,4,4.0,4500,11795,2.0,0,0,1991
2725069150,3,2.5,2830,9680,2.0,0,0,1991
8651610660,4,2.5,2440,6733,2.0,0,0,1999
5417600130,2,1.0,910,9000,1.0,0,0,1923
2138700345,4,2.5,2430,6325,2.0,0,0,1919
2114700190,4,3.25,1790,2460,2.0,0,0,2000
323049148,3,2.0,1640,9234,1.0,0,0,1967
2721059173,3,1.75,1260,15000,1.5,0,0,1983
5700001640,4,1.0,3410,5000,2.0,0,0,1910
4302200415,4,1.75,1440,6144,1.0,0,0,1947
1336800010,5,2.25,4200,5800,2.5,0,0,1906
6824100005,3,2.5,1470,1204,3.0,0,0,2006
6648900005,3,1.0,1720,8910,1.0,0,0,1954
686100380,5,2.0,2030,9804,1.0,0,0,1963
7549800168,3,1.75,1840,4030,1.0,0,0,1925
538000250,4,2.5,2220,4720,2.0,0,0,1998
6806100420,3,2.5,1850,4600,2.0,0,0,2005
1568100225,2,1.5,1040,8526,1.0,0,0,1953
7677300010,4,1.0,1720,4410,1.5,0,2,1928
1102000527,4,3.75,4410,9231,3.0,0,3,2001
5104510130,4,2.5,1830,5175,2.0,0,0,2003
4327600010,3,3.0,1790,13350,1.0,0,0,1988
1430800279,4,1.75,2960,11347,1.0,0,0,1946
6021503656,3,2.5,1330,1064,3.0,0,0,2004
2323069022,2,1.0,1800,119790,1.0,0,0,1947
2419600005,3,1.75,1510,6360,1.0,0,0,1954
8079000190,4,2.5,2150,8173,2.0,0,0,1987
3158500460,3,2.5,2070,4689,2.0,0,0,2013
1761100190,3,2.25,1470,6808,1.0,0,0,1984
5412310170,3,1.75,1150,8079,1.0,0,0,1983
9408300380,3,2.5,2670,47480,2.0,0,3,1981
241900020,5,2.5,2740,5400,2.0,0,0,2005
8644210470,4,3.5,3350,19487,1.0,0,0,1992
8961970190,4,2.5,3040,6887,2.0,0,0,1999
9521100585,3,1.0,1830,3000,1.5,0,0,1926
2817260130,5,2.75,3320,23760,2.0,0,0,1975
9485800050,3,2.5,1610,8064,1.0,0,2,1981
6817801150,4,2.5,2160,10987,1.0,0,0,1981
6150700169,2,1.0,740,5995,1.0,0,0,1949
1148000005,3,1.75,1270,8100,1.0,0,0,1950
5151600285,3,1.75,1870,12381,1.0,0,0,1957
2155000480,3,1.5,1350,9315,1.0,0,0,1968
4047200380,2,1.5,2730,19877,1.0,0,0,1976
4232901990,2,1.0,910,3600,1.0,0,0,1909
7312100010,4,2.5,2240,4447,2.0,0,0,2006
9839300545,2,2.0,1270,5500,1.5,0,0,1921
2159900020,2,1.5,1510,2001,2.0,0,0,1985
1025049174,4,2.5,3200,7535,2.0,0,0,2006
526059224,4,1.75,1650,7276,1.0,0,0,1977
7936000403,3,1.75,2050,3520,1.0,0,0,1977
1565950670,3,2.5,1900,7361,2.0,0,0,1994
1786200010,4,2.5,2580,11780,2.0,0,0,2003
123039642,3,2.5,1970,14876,1.0,0,0,1981
8965520190,3,2.5,3420,16622,1.0,0,4,1991
6373000130,4,2.25,1720,2300,1.0,0,0,1940
3374500250,4,2.5,2680,7700,2.0,0,0,1990
2970800130,3,1.0,810,5240,1.0,0,0,1942
6084600660,3,2.5,1720,6847,2.0,0,0,1987
2818100255,4,2.5,2620,14126,1.0,0,4,1941
6882510020,4,1.75,1800,5210,1.0,0,0,1979
8642600170,4,2.0,1757,19370,1.0,0,2,1955
2481630290,4,2.75,4230,31747,2.0,0,0,1985
6456200020,3,2.0,1740,9300,1.0,0,0,1952
8651402660,4,1.5,1450,5530,1.0,0,0,1969
1524079028,5,1.75,1610,15246,1.0,0,0,1936
9510970050,4,2.5,1840,4011,2.0,0,0,2005
7503000050,3,2.5,1690,10113,1.0,0,0,1991
4303200130,4,3.0,1960,5160,1.0,0,0,2001
7731100066,3,1.0,1510,5000,1.5,0,0,1909
7237550130,4,3.5,4380,74052,1.0,0,0,2001
7504400290,5,2.5,3470,12003,2.0,0,0,1978
3824100235,4,1.75,2120,15920,1.0,0,0,1960
7708250010,3,2.5,1830,7585,2.0,0,0,1995
7955040130,3,1.75,1370,8467,1.0,0,0,1972
5634500415,3,2.5,1710,12677,2.0,0,0,1996
2655500235,4,3.5,3920,19088,1.0,0,1,2005
1722069052,5,2.5,4320,107157,1.0,0,0,1967
13002495,3,1.5,1640,7222,2.0,0,0,1908
7518504775,5,1.0,1500,3978,2.0,0,0,1929
3298300210,3,1.0,940,7590,1.0,0,0,1959
2484700015,4,1.5,2480,6000,1.0,0,0,1955
9558200210,3,1.0,1240,9300,1.0,0,0,1954
8856004328,4,2.5,2163,5882,2.0,0,0,2006
9202650100,3,2.5,1950,7481,2.0,0,0,1987
1250201130,4,2.0,1510,3240,1.0,0,0,1901
3298700820,3,1.75,1010,5355,1.0,0,0,1950
1310700330,4,2.25,1780,8820,1.0,0,0,1966
2799800750,4,2.5,2500,4750,2.0,0,0,2003
2391600330,2,1.0,810,5060,1.0,0,0,1941
3883100220,3,1.75,2010,8065,1.0,0,0,1984
9407001500,3,1.75,1390,9000,1.0,0,0,1978
2926049221,3,2.0,1320,6500,1.0,0,0,1947
5652601075,1,1.0,950,10585,1.5,0,0,1929
5437810360,3,1.75,1300,7735,1.0,0,0,1980
7228501910,3,3.5,1630,1329,2.0,0,0,2000
2525310040,3,1.0,1060,10350,1.0,0,0,1980
9212900300,2,1.0,950,6000,1.0,0,0,1942
2623069031,5,3.25,3010,1074218,1.5,0,0,1931
6064800090,3,2.25,1960,1985,2.0,0,0,2003
3083000355,5,2.0,2020,4000,2.0,0,0,1950
1741700040,3,1.0,1000,19969,1.0,0,0,1951
9286000150,6,4.0,5330,18116,2.0,0,0,2000
6381500065,3,2.0,1630,7800,1.0,0,0,1950
2769602840,3,1.0,1360,3737,1.5,0,0,1910
8079100210,4,2.5,2130,9139,2.0,0,0,1988
9808640090,3,2.5,2415,2186,2.0,0,1,1981
8894000040,3,2.75,1850,16960,1.0,0,2,1953
3333000775,3,1.0,1100,5000,1.0,0,0,1960
312000265,2,1.0,790,5120,1.0,0,0,1950
8731982550,4,1.75,2020,8800,1.0,0,0,1969
8091401030,3,1.5,1070,8886,1.0,0,0,1984
2883201055,4,1.0,1670,4600,1.5,0,0,1906
2767602855,5,3.5,2160,2323,3.0,0,0,2007
1689400375,4,3.25,3100,3900,2.0,0,2,1923
6021502250,4,2.0,2120,4000,1.5,0,0,1927
3423600065,3,1.0,1050,4160,1.0,0,0,1925
3125079013,3,2.5,3970,263538,1.5,0,0,1991
6450302175,3,1.5,1280,5525,1.0,0,0,1962
6021502310,2,1.75,1210,4141,1.0,0,0,1942
1771110720,3,1.0,1250,9126,1.0,0,0,1969
1438000110,4,2.5,3150,5886,2.0,0,0,2014
106000015,3,1.75,1310,8065,1.0,0,0,1948
3756500180,3,1.0,1470,9750,1.0,0,0,1963
6352600490,4,3.5,2770,8049,2.0,0,0,2002
537000325,3,2.5,2420,36862,1.0,0,0,1957
3904960910,4,2.5,3050,7238,2.0,0,0,1989
5101400838,3,1.75,1830,5488,1.0,0,2,1939
9545250110,3,2.5,2560,9182,2.0,0,0,1993
2436700315,2,1.75,1010,4000,1.5,0,0,1919
1250200600,3,1.0,1240,3600,1.5,0,0,1902
2206700215,4,2.0,2070,9822,1.0,0,0,1955
2206700215,4,2.0,2070,9822,1.0,0,0,1955
9522100375,5,1.5,1720,5000,1.5,0,0,1915
7853301130,4,2.25,2440,5000,2.0,0,0,2007
7518505160,2,1.0,1190,5100,1.5,0,0,1928
3955500100,3,1.5,1390,10530,1.0,0,0,1961
4045500620,3,3.25,3410,25741,2.0,0,0,1993
3900500110,3,2.0,2310,10525,2.0,0,0,1965
5561000600,3,2.5,2190,34528,2.0,0,0,1994
1443501020,2,1.0,770,8150,1.0,0,0,1951
730000085,2,1.0,990,2446,2.0,0,0,1998
1422300100,3,2.5,1730,46638,2.0,0,0,1991
5104511590,4,3.0,2800,9764,2.0,0,0,2002
2475900850,2,1.0,770,7000,1.0,0,0,1921
6430500291,3,1.0,1260,4080,1.5,0,0,1928
6114400142,5,2.5,3600,20001,2.0,0,0,1976
3585900785,3,2.5,3100,20553,1.0,0,0,1954
8594400110,3,1.75,1900,36769,1.0,0,0,1987
5634500201,4,2.25,2070,14000,1.0,0,0,1958
1300300730,3,1.5,1090,7200,1.0,0,0,1958
9183703045,4,2.0,2220,8229,1.5,0,0,1958
1139000215,2,1.75,1270,7560,1.5,0,0,1932
797000256,3,1.75,1330,12092,1.0,0,0,1981
2322069100,2,1.5,1680,17400,1.5,0,0,1991
6743700090,3,1.75,1560,9247,1.0,0,0,1989
7504101280,3,3.25,4330,14600,2.0,0,0,1985
4315701163,3,1.5,2230,6000,1.0,0,1,1968
3262301355,3,2.75,2680,20104,1.0,0,0,1964
5078400090,5,2.75,2580,7630,1.0,0,0,1954
2997800015,3,1.5,1330,1265,2.0,0,0,2008
4351300978,4,2.25,2580,21115,2.0,0,0,1977
1105000432,3,1.5,1440,8370,1.0,0,0,1977
8562901250,4,2.75,2210,10800,1.0,0,0,1997
272000355,3,1.5,1310,2998,2.0,0,0,1998
2113700025,2,1.0,1129,3840,1.0,0,0,1953
7937600395,4,3.5,5270,53428,2.0,0,0,2004
1236300146,3,1.5,1300,7287,1.0,0,0,1965
2044500201,3,2.25,1890,7200,1.0,0,0,1973
4399200100,3,2.25,1560,9706,1.0,0,0,1963
8635760330,3,2.5,1820,2935,2.0,0,0,1999
2021200530,4,2.75,3090,6600,1.0,0,2,1956
514500195,4,2.5,2230,7200,1.0,0,0,1957
125069038,4,3.75,5150,453895,2.0,0,3,1997
9500900110,3,1.5,1480,10588,1.0,0,0,1957
923049378,3,1.0,1490,8995,1.0,0,0,1954
2141340040,3,2.5,2150,15304,2.0,0,0,1979
714000315,3,2.75,1710,9448,1.0,0,0,1947
7452500730,2,1.0,1000,6000,1.0,0,0,1951
3331001910,2,1.0,1170,5150,1.0,0,0,1907
2026059119,3,2.0,1430,9583,1.0,0,0,1964
3879901295,3,2.5,2660,1973,3.0,0,3,2007
3523069047,4,2.75,4010,87555,2.0,0,0,2004
424049043,9,7.5,4050,6504,2.0,0,0,1996
7646900360,3,1.0,1320,5500,1.0,0,0,1955
8965500880,4,2.5,3320,9380,2.0,0,3,1988
9376301520,3,2.0,1480,5000,1.0,0,0,1928
8091410530,3,2.5,1540,7739,2.0,0,0,1986
8161000230,4,2.5,2300,22445,2.0,0,0,1992
8944600620,2,1.5,1930,3521,2.0,0,0,1989
2997800090,3,1.0,1220,5652,1.0,0,0,1905
7203220360,5,3.25,3830,6507,2.0,0,0,2014
3066410850,4,2.5,2720,10006,2.0,0,0,1989
2422059015,2,1.0,910,295772,1.0,0,0,1953
3904100065,2,1.0,1280,9690,1.0,0,0,1919
5535600150,4,2.5,2980,10459,2.0,0,0,2001
7979900215,3,1.5,1460,11407,1.0,0,0,1954
892000025,2,1.0,740,6250,1.0,0,0,1942
9564800145,3,1.0,1010,7034,1.0,0,0,1954
9521100880,3,1.5,1780,4200,1.5,0,0,1916
4151800530,4,2.5,2780,6837,2.0,0,0,2004
9000025,2,1.0,1420,4635,2.0,0,0,1941
726059048,3,2.0,3000,21883,2.0,0,0,1998
5072400100,4,2.25,2290,9900,1.0,0,2,1959
2781200090,4,2.5,2560,4020,2.0,0,0,2006
3797000745,3,1.0,1370,3500,1.5,0,0,1905
7550800915,2,1.0,1000,4000,1.0,0,0,1910
1025069255,4,3.5,4150,49503,2.0,0,0,2003
9828702513,2,2.25,1230,929,2.0,0,0,2004
1925069199,3,2.5,2720,13124,2.0,0,0,1988
5067400032,3,2.5,3070,14400,1.0,0,3,1985
5459300040,4,2.5,2450,7700,1.0,0,0,1958
257000057,3,1.5,1150,11571,1.0,0,0,1961
7697920450,4,2.25,1830,6136,2.0,0,0,1990
6384500035,2,1.0,860,6050,1.0,0,0,1952
2787700210,5,2.5,2130,7111,1.0,0,0,1968
7569450090,4,2.5,2420,3825,2.0,0,0,2003
9476200485,4,1.0,1640,8467,1.0,0,2,1943
6163900032,2,1.0,770,7434,1.0,0,0,1947
7893200900,3,1.0,1200,12500,1.5,0,0,1936
9510400100,4,2.5,2331,3826,2.0,0,0,2007
7278100665,3,1.0,1060,7419,1.0,0,2,1906
7977201065,3,1.75,1380,4590,1.0,0,0,1950
1687000210,3,2.5,2497,4400,2.0,0,0,2007
5652601035,3,1.75,1150,6423,1.0,0,0,1927
3121500150,4,2.5,3800,22029,2.0,0,0,1993
5207200360,2,1.0,930,5368,1.0,0,0,1953
1498303700,5,2.0,2880,12000,2.0,0,0,1921
8021700495,3,3.0,1560,2250,2.0,0,0,2009
9406500530,2,2.0,1090,1357,2.0,0,0,1990
6431000015,4,2.5,2310,3570,1.5,0,0,1927
1472800220,3,2.5,2190,17108,2.0,0,0,1991
7518500301,3,1.0,1180,2250,1.5,0,0,1902
7010700110,3,2.25,1760,1800,2.0,0,0,1983
1221000395,1,1.0,1100,4373,1.0,0,0,1947
476000331,3,2.5,1300,1187,3.0,0,0,2005
4136870110,4,2.5,2080,7047,2.0,0,0,1996
6079500230,3,2.75,1900,6400,1.0,0,0,1942
2291400236,3,3.25,1651,1779,2.0,0,0,2008
5101400862,3,1.0,980,6380,1.0,0,0,1941
1922059278,3,1.0,1010,11880,1.0,0,0,1960
5700002510,5,2.5,2340,6000,2.0,0,0,1922
1471700410,7,1.5,2660,15111,1.5,0,0,1962
2102700025,5,3.25,4300,9270,2.0,0,3,1957
6052400975,3,1.0,1590,8160,1.0,0,1,1954
721069087,3,2.5,3240,108366,2.0,0,0,1991
5104530770,4,2.5,2300,4249,2.0,0,0,2006
3124059023,3,1.75,3330,12566,1.0,1,4,1960
226059103,3,1.75,1930,36210,1.0,0,0,1977
6197200021,3,1.0,980,6800,1.0,0,0,1946
5100402644,4,1.5,1430,6380,1.5,0,0,1945
423000035,3,1.0,960,6500,1.0,0,0,1954
2316800100,3,2.5,2990,6725,2.0,0,0,2003
1704900206,3,1.75,1890,7004,1.0,0,0,1965
7856400410,4,2.25,3310,8540,1.0,0,4,1973
627300195,5,2.5,3240,9960,1.0,0,1,1958
446000150,3,1.0,1100,5700,1.0,0,0,1950
4377000100,4,2.75,2510,12500,1.0,0,0,1976
6843300090,4,2.25,2730,35100,2.0,0,0,1977
3524039144,2,1.0,1620,9855,1.0,0,4,1948
7352200025,2,1.75,2080,8112,1.0,1,4,1939
4443800385,2,1.0,1480,4080,1.0,0,0,1949
7405700015,3,1.0,1090,11292,1.0,0,0,1952
579002870,4,2.0,2060,5000,1.0,0,0,1949
4237901345,4,3.25,3200,4477,2.0,0,0,2006
2473411240,4,1.75,1740,7208,1.5,0,0,1976
7715801030,4,2.5,1620,8125,2.0,0,0,1983
6386700110,3,2.0,1850,8208,1.0,0,0,1970
8100900115,3,1.75,1270,4815,1.5,0,0,1922
226059096,5,4.5,5220,67319,2.0,0,0,2001
9287800375,3,2.0,2210,5000,1.5,0,2,1909
2407000145,3,1.0,1140,8775,1.0,0,0,1942
2026079055,1,1.5,1200,44866,1.5,0,0,1983
2426049168,3,2.25,1570,7200,2.0,0,0,1991
9828701565,3,2.0,2240,5200,1.0,0,0,1954
2125059123,5,3.25,3950,44431,1.0,0,0,1969
6411600113,3,1.0,1210,7425,1.0,0,0,1910
1853081250,4,2.75,3120,5000,2.0,0,0,2010
7518501140,3,2.0,1260,2550,2.0,0,0,1987
9353300820,3,1.0,1250,10723,1.0,0,0,1961
5647900120,4,2.5,1930,8660,1.0,0,0,1981
4123800580,4,2.5,2470,6116,1.0,0,0,1985
1789900065,3,1.75,1770,29004,1.0,0,0,1959
1931300665,3,3.0,1910,4800,1.5,0,0,1900
2976800115,4,1.75,1670,8856,1.0,0,2,1955
4191400090,4,1.5,1680,10500,2.0,0,0,1962
2126049154,4,2.75,2160,8148,1.0,0,0,1978
1310930100,4,1.75,1570,16697,1.0,0,2,1981
1843100540,3,2.25,2530,12042,2.0,0,0,1989
425200145,3,1.0,1020,8610,1.0,0,0,1959
1310960220,4,2.25,2070,7350,2.0,0,0,1977
7785350490,3,2.25,2770,15886,2.0,0,0,1982
6699000610,3,2.5,2460,5027,2.0,0,0,2002
3904100035,2,1.0,1270,3008,1.0,0,0,1923
3578600062,3,1.0,1830,8209,1.0,0,0,1942
1773101050,3,1.0,960,4560,1.0,0,0,1968
1895450090,3,2.5,2060,7658,2.0,0,0,2003
8835200790,2,1.0,870,4025,1.0,0,0,1981
6818400110,4,1.5,2040,10488,1.0,0,0,1961
2425059144,4,2.5,2110,13939,1.0,0,0,1978
7821200375,2,1.0,960,3235,1.0,0,0,1916
4307351180,5,3.0,3880,8432,2.0,0,0,2004
2871000400,4,2.5,3110,6142,2.0,0,0,2004
3668000830,3,1.75,1900,8910,2.0,0,0,1988
5255700160,3,1.75,2590,8384,1.0,0,0,1971
1102000270,3,2.75,3890,7216,2.0,0,1,1967
1344300045,2,1.0,1010,3885,1.5,0,0,1906
3211100240,4,1.75,1700,7800,1.0,0,0,1981
8562740400,4,3.25,2740,7266,2.0,0,0,2003
705700960,3,2.5,1660,10763,2.0,0,0,1994
4046601420,3,2.0,1570,14992,1.0,0,0,2001
2424059139,3,3.25,3870,33980,2.0,0,0,1991
3918400013,3,2.25,1460,941,3.0,0,0,2006
7812801925,4,1.75,1850,6000,1.0,0,0,1944
2550820060,3,1.75,1630,10001,1.0,0,0,1977
5381000070,2,0.75,1130,11429,1.0,0,0,1956
4094800260,4,3.5,4440,20668,2.0,0,2,1965
8861000060,3,1.0,1160,10732,1.0,0,0,1953
7272000260,3,1.0,1840,10178,1.0,0,0,1960
7300400200,4,2.5,2650,6366,2.0,0,0,1998
3583300075,5,2.25,2680,13292,1.0,0,0,1976
1797501275,5,2.75,2670,4000,2.0,0,0,1914
5153200358,5,1.75,2460,16000,1.0,0,0,1957
3438502200,4,2.75,2680,16934,1.0,0,0,1958
7888700030,3,2.5,2960,18600,2.0,0,0,1979
11510700,4,2.5,2660,10452,2.0,0,0,1993
6840700036,2,1.0,770,3325,1.0,0,0,1918
1824069083,3,1.0,3060,30166,1.0,0,0,1959
9164100125,4,1.0,1550,4750,1.5,0,0,1919
1202000140,3,1.0,1060,8000,1.0,0,0,1927
4022902050,4,2.5,2200,10800,1.0,0,0,1964
2473420070,3,1.75,1630,7480,1.0,0,0,1979
5706201360,5,1.5,1720,12551,1.0,0,0,1967
7950303270,2,1.0,1110,6000,1.0,0,0,1951
7853340960,3,2.75,1940,3088,2.0,0,3,2008
1473120390,4,2.5,2690,9551,2.0,0,0,1992
3822200105,4,1.75,2030,12518,1.0,0,0,1950
4141000060,4,2.5,3180,10319,2.0,0,0,1986
7805600070,2,1.75,1320,13052,1.5,0,0,1980
5453700140,3,1.75,1890,10292,1.0,0,0,1969
9834200390,3,1.5,1220,4080,1.5,0,0,1914
9560800390,3,2.25,1990,7340,2.0,0,0,1984
5452800800,4,2.25,2770,13500,2.0,0,0,1974
1126049105,4,1.0,1360,13372,1.0,0,0,1955
7787120260,4,2.5,2330,9928,2.0,0,0,1998
3568200060,3,3.0,1990,9600,1.0,0,0,1988
6206100075,4,1.75,1980,10800,1.0,0,0,1953
8947250060,4,2.5,1610,4568,2.0,0,0,2006
3622069050,3,1.0,1570,9650,1.5,0,0,1922
1995200200,3,1.0,1510,6083,1.0,0,0,1940
1796360340,3,2.0,1660,8641,2.0,0,0,1987
1022059032,4,2.5,3140,94525,2.0,0,0,1977
5104470070,4,3.0,3110,18843,2.0,0,0,1995
1432400570,3,1.0,1160,7560,1.0,0,0,1958
2473460860,4,2.5,2110,8990,2.0,0,0,1977
2323089065,4,2.75,4600,322188,1.0,0,4,1989
1824059070,4,2.5,2340,10800,1.0,0,0,1953
3579000800,4,2.5,2600,9355,1.0,0,0,1983
7960100075,3,2.0,1540,3600,1.0,0,0,1994
1180000885,3,2.5,3070,5871,3.0,0,0,1928
3863800030,3,1.5,980,7770,1.0,0,0,1968
1928300350,3,1.75,1370,3300,2.0,0,0,1927
1370800560,4,2.25,2480,6000,2.0,0,2,1929
4441300416,4,1.75,2390,5880,1.0,0,2,1957
5316100106,3,2.5,2560,3600,2.0,0,0,1967
1522700060,4,2.75,2520,14021,2.0,0,0,1999
42000127,3,1.5,1970,10080,1.0,0,0,1966
1180002735,2,1.5,1010,6000,1.0,0,0,1923
2424059116,3,2.25,3440,44374,2.0,0,3,1979
6746700565,2,1.0,850,2700,1.0,0,0,1924
8643200060,3,1.0,1640,13939,1.0,0,0,1960
9392200030,4,2.25,1900,10950,1.0,0,0,1959
4037400070,3,1.75,1360,5445,1.0,0,0,1957
7625704340,2,1.75,1550,7800,1.0,0,0,1940
9414500200,4,1.75,1790,11875,1.0,0,0,1969
3438501860,3,1.0,1020,5950,1.0,0,0,1950
7212650240,3,2.0,2250,7757,1.0,0,0,1992
7888000400,3,1.0,1320,8220,1.0,0,0,1959
11200070,3,2.5,1530,3296,2.0,0,0,1998
2459960030,4,2.5,2060,5607,2.0,0,0,2002
5016001260,2,1.0,820,4200,1.0,0,0,1980
7312400075,2,1.0,910,4800,1.0,0,0,1923
125059179,6,4.5,3300,7200,2.0,0,0,1980
1921069068,4,2.5,3030,180263,2.0,0,0,1987
9432900070,4,2.25,2700,8580,2.0,0,0,1992
7214820400,3,2.25,1800,7371,1.0,0,0,1979
6804600240,3,1.75,1920,9512,1.0,0,0,1980
3530490160,2,1.0,930,3447,1.0,0,0,1978
7889000160,3,1.0,990,7520,1.0,0,0,1958
1315300070,3,2.75,1970,5200,1.5,0,3,1915
5422560810,2,1.75,1510,5319,2.0,0,0,1978
4443800505,3,1.5,1810,3880,1.5,0,0,1929
3065600270,3,1.75,1070,6315,1.0,0,0,1992
5451220200,4,2.25,2420,10200,2.0,0,0,1973
6411600370,7,3.5,2870,29699,1.0,0,0,1961
1727500390,4,2.25,1710,7000,1.0,0,0,1972
1724500030,4,2.5,2400,7292,1.0,0,0,1980
2325069032,5,4.25,4720,18741,2.0,0,0,2005
4139700260,5,3.5,3330,3705,2.0,0,0,2008
8078460320,4,2.5,2350,7245,2.0,0,0,1993
521049200,3,2.75,3176,13391,2.0,0,3,1985
9290850810,4,2.5,3770,35081,2.0,0,0,1989
423059369,4,2.5,2150,7303,2.0,0,0,2005
5152000030,5,2.5,2500,12220,1.0,0,0,1962
8731990700,3,1.75,1790,7650,1.0,0,3,1978
7212680860,3,2.5,1730,8076,2.0,0,0,1994
1797500435,2,1.0,1060,4000,1.0,0,0,1910
2155000160,4,1.75,1840,9600,1.0,0,0,1967
1250200786,5,2.0,2120,2400,1.0,0,0,1906
9209900335,2,1.0,1150,4400,1.0,0,0,1905
3296900160,4,2.5,2170,14024,2.0,0,0,1992
2523039315,3,2.0,2580,15653,1.5,0,0,1990
2413300810,4,2.25,1890,7616,1.0,0,0,1979
2223089053,3,2.25,1680,57063,2.0,0,0,1989
7334401040,4,1.5,1800,9576,1.0,0,0,1977
8039900400,3,2.0,1670,13775,1.0,0,0,1968
2927600105,5,1.75,1840,10453,1.0,0,2,1948
6414100732,2,1.0,1150,7552,1.0,0,0,1951
6402710070,3,2.5,1580,7918,2.0,0,0,1994
8651480550,3,2.5,2260,10153,2.0,0,0,1987
7922900030,3,2.75,2660,10350,1.0,0,4,1971
8682292180,2,2.0,1350,3926,1.0,0,0,2007
1180002470,6,3.5,3020,4500,2.0,0,0,1941
5154700060,4,2.75,3520,19200,1.0,1,4,1951
414100045,4,1.75,2240,7500,1.0,0,0,1956
4276400030,3,2.0,2320,17688,1.0,0,0,1952
6021503655,3,2.5,1330,816,3.0,0,0,2004
3211270160,4,2.5,2470,35073,2.0,0,0,1989
1761300340,3,2.0,1320,7200,1.0,0,0,1975
2612000200,3,2.5,2050,8172,2.0,0,0,2002
5515600163,5,2.25,3070,64033,1.0,0,0,1983
8001100030,3,2.5,1570,5113,1.0,0,0,1996
6662400105,3,2.5,1580,5725,2.0,0,0,2004
7338401230,3,1.75,1020,5000,1.0,0,0,1954
8901001290,4,1.5,1380,7800,1.0,0,0,1928
3832500260,3,2.5,1420,14850,1.0,0,0,1963
1545802080,3,2.0,1310,7332,1.0,0,0,1987
259800060,4,2.0,1470,8395,1.0,0,0,1965
3210400060,3,1.0,1580,8206,1.0,0,0,1962
1829300520,4,2.5,3460,9699,2.0,0,0,1987
2472950160,3,2.0,1410,7466,1.0,0,0,1983
6613000935,4,2.5,5300,26211,2.0,1,2,1923
952001710,4,1.75,1630,5750,1.0,0,0,1947
7950303290,3,1.75,2060,3500,1.0,0,0,1951
9827700105,3,2.0,2330,3600,1.5,0,0,1900
328000160,5,3.75,3700,7920,3.0,0,4,1983
9206700060,4,2.5,4070,129808,2.0,0,0,1998
6603000030,3,1.75,1300,8976,1.0,0,0,1967
5101402435,3,2.25,1540,5338,1.0,0,0,1954
6127010890,4,2.5,3570,6246,2.0,0,0,2005
8898700960,3,2.5,1820,8085,2.0,0,0,1983
1326069094,3,1.5,2700,24539,2.0,0,0,1977
7950302121,2,1.5,1010,1309,2.0,0,0,2007
1559900140,3,2.25,1760,9621,2.0,0,0,1995
1795500060,3,1.0,1040,8645,1.0,0,0,1962
5530000030,4,2.0,2130,9579,1.0,0,0,1968
8857100060,2,1.5,1240,1055,2.0,0,0,1967
6140600049,2,2.0,1230,4800,2.0,0,0,1952
9324320030,3,1.75,1690,9826,1.0,0,0,1988
6870300060,3,2.5,2120,2374,2.0,0,0,2005
7972604001,5,1.75,1830,7986,1.0,0,0,1962
4305200070,3,2.25,1640,7200,2.0,0,0,1985
2215901840,3,2.5,1750,6725,1.0,0,0,1993
8682292190,2,2.75,2700,9854,1.0,0,0,2012
2524049250,5,2.25,3270,16553,2.0,0,2,1968
6303400520,2,2.0,1650,8975,1.0,0,0,1942
204000140,3,1.0,1500,10730,1.0,0,0,1977
2883200139,4,3.5,2170,3672,2.0,0,0,1905
4322200105,1,1.0,420,3298,1.0,0,0,1949
9294300070,4,2.0,1820,5000,1.5,0,1,1945
985001275,1,1.0,800,16306,1.0,0,0,1931
4077800247,3,1.5,2010,9480,1.0,0,0,1951
3342100685,3,1.0,890,8400,1.0,0,0,1954
8964800890,3,3.25,4560,13363,1.0,0,4,1995
7977200055,3,1.0,1010,6120,1.0,0,0,1940
4046500140,3,1.75,1410,15134,1.0,0,0,1980
3888100117,5,1.5,1550,9750,1.0,0,0,1966
6134500070,3,2.5,1960,6058,2.0,0,0,2002
1118001820,4,3.25,2500,5801,1.5,0,0,1926
629000510,4,2.75,3020,8622,2.0,0,0,1976
3180100023,3,2.5,1760,1755,3.5,0,0,1998
7237501040,4,3.5,4170,9748,2.0,0,0,2004
9297301535,3,1.5,2600,5085,1.0,0,0,1940
4441300075,3,2.5,2260,9577,2.0,0,0,1925
3629971290,4,2.5,2120,3720,2.0,0,0,2004
3818700016,3,1.75,1660,8301,1.0,0,0,1955
2600400030,4,2.75,2640,9000,2.0,0,0,1990
7987400316,1,0.5,880,1642,1.0,0,0,1910
3971702325,3,2.5,1470,9337,2.0,0,0,1991
6096500105,4,2.25,2640,3000,2.0,0,0,1908
2923069037,3,1.5,1920,61014,1.0,0,0,1953
3121059036,2,1.0,1140,101529,1.5,0,0,1932
7429000240,4,2.5,2550,8824,2.0,0,0,1990
3176600105,3,2.25,2250,5301,2.0,0,0,1975
486000520,2,2.25,2460,16940,1.5,0,4,1936
4136950200,3,2.5,1720,6194,2.0,0,0,1998
1121000058,3,1.75,1790,6775,1.0,0,2,1951
1682000160,3,1.0,1320,9239,1.0,0,0,1968
3448700070,4,2.5,2440,5350,2.0,0,0,2003
1446403305,2,1.0,810,7158,1.0,0,0,1944
59000445,4,2.75,2240,5400,2.0,0,0,1940
8127700132,5,3.5,3180,4628,2.0,0,0,2001
1120069036,3,2.25,1570,43350,1.0,0,3,1967
3834000520,3,1.0,1250,7654,1.0,0,0,1952
4365200445,2,1.75,1250,7680,1.0,0,0,1922
4137000070,3,2.5,2240,7500,2.0,0,0,1985
9266700295,3,1.75,1340,5100,1.0,0,0,1953
2623039082,3,3.5,2050,21744,2.0,1,4,1930
3343901401,4,3.0,3760,8804,2.0,0,0,2002
3288200710,3,2.0,1560,8640,1.0,0,0,1967
4335000030,3,1.75,2030,17100,1.0,0,0,1953
8860310240,3,1.75,2300,11400,1.0,0,0,1977
3221059036,4,2.5,3630,42884,1.5,0,0,1979
9831200520,4,3.0,3720,5000,2.5,0,0,1905
7849202220,2,1.75,1740,6620,1.5,0,0,2002
5153200486,5,1.75,1990,27810,1.0,0,0,1955
3905080310,3,2.5,1880,4668,2.0,0,0,1993
9541800075,3,1.75,1490,16200,1.0,0,0,1958
7205850030,3,2.25,1660,10140,1.0,0,0,1980
1330910370,4,3.0,4370,217882,2.0,0,0,1984
3327000070,3,1.75,1500,7800,1.0,0,0,1968
2594200350,2,1.0,910,7200,1.0,0,1,1936
7851990240,4,3.5,3950,12320,2.0,0,0,2001
7852150200,3,2.5,1700,6396,2.0,0,0,2003
224069129,3,1.0,1440,54315,1.0,0,0,1974
424069271,7,3.75,5100,21802,2.0,0,0,2001
9530101535,3,1.75,1870,4320,1.0,0,0,1920
6822100030,3,1.0,1110,6000,1.5,0,0,1932
2028700575,3,2.0,1390,2688,1.5,0,0,1915
3211100990,4,2.75,2220,8450,1.0,0,0,1983
1771110070,3,1.0,1300,9300,1.0,0,0,1977
274000070,5,2.75,2530,9375,1.0,0,0,1966
3876200350,4,1.75,1700,9000,1.0,0,0,1967
7806210070,4,1.5,2120,8554,1.0,0,0,1977
5437600140,4,2.5,2240,5105,2.0,0,0,2002
1432900310,4,1.5,2020,8474,1.0,0,0,1962
9541600295,4,2.5,2990,8640,1.0,0,0,1959
2310100240,3,2.5,2240,6097,2.0,0,0,2002
1042500013,3,1.5,1650,9936,1.0,0,0,1967
1424200070,4,1.5,2310,13300,1.0,0,0,1950
7212660560,3,2.5,2370,6752,2.0,0,0,1994
3343902650,2,1.75,1700,18000,1.0,0,0,1972
6699000710,3,2.5,2090,4700,2.0,0,0,2002
5561400140,3,2.5,2420,49928,2.0,0,0,1985
226039270,3,1.75,2220,7224,1.0,0,2,1975
1220069035,4,2.5,2470,385506,2.0,0,3,1991
629810560,4,2.5,3720,8633,2.0,0,0,1999
1025039320,4,3.5,3440,5000,2.0,0,0,2006
6150700394,3,1.5,1310,8160,1.0,0,0,1950
2591020560,3,2.25,1550,5511,2.0,0,0,1987
1257201375,3,2.0,1650,3952,2.0,0,0,1950
1432900350,5,1.5,1980,7958,1.5,0,0,1962
6795100563,4,2.5,1820,20011,2.0,0,0,1987
5126900200,2,1.0,800,8960,1.0,0,0,1944
1422200496,3,1.75,2550,6117,2.0,0,0,1951
5132000140,6,1.0,1370,5080,1.5,0,0,1931
4140900270,2,1.0,1140,23030,1.0,0,0,1980
3578400710,3,2.0,1010,14183,1.0,0,0,1982
3226059128,5,3.5,3450,28324,1.0,0,0,1972
5151600390,4,1.75,2251,12731,1.0,0,1,1957
6679000960,4,2.5,2500,5264,2.0,0,0,2003
9138100350,4,2.0,2290,6000,1.5,0,3,1900
1545800710,3,1.75,1620,7540,1.0,0,0,1988
9206950200,2,2.5,1320,1957,1.0,0,0,2004
7895500550,4,1.5,1370,7904,1.0,0,0,1970
9221400335,4,1.75,2340,5080,1.0,0,0,1924
123039336,1,1.0,620,8261,1.0,0,0,1939
1446401290,3,1.0,1400,6600,1.0,0,0,1954
3291800140,3,1.0,1360,9310,1.0,0,0,1980
3432500765,2,1.0,1100,8281,1.0,0,0,1947
3591000030,4,2.5,2650,13684,2.0,0,0,1994
2386000240,5,3.5,3870,65556,2.0,0,0,1994
5490210510,3,1.75,1530,14633,1.0,0,0,1977
3336000626,3,1.5,1720,6570,1.5,0,0,1909
1982201345,2,1.0,800,4850,1.0,0,0,1944
9560800040,3,2.5,1800,11034,2.0,0,0,1987
6699940120,4,2.5,2470,5074,2.0,0,0,2004
8682260610,2,2.0,1870,5143,1.0,0,0,2005
9136103026,3,1.75,1380,3225,1.0,0,0,1915
922059020,4,1.75,1400,54014,1.5,0,0,1935
6819100330,3,1.0,1110,6000,1.0,0,0,1904
3782100145,3,1.0,1080,8100,1.0,0,0,1955
3343300065,4,2.5,2280,14810,1.0,0,0,1977
302000065,3,1.0,970,14850,1.0,0,0,1968
6821600065,2,1.0,820,6000,1.0,0,0,1939
6648500580,3,2.25,2070,7225,1.0,0,0,1979
8945300040,3,1.0,1290,8470,1.0,0,0,1966
7135521530,4,2.75,2550,7591,2.0,0,0,1989
3797310230,3,2.0,1760,9732,1.0,0,0,1996
8917100206,4,1.5,1960,12688,1.5,0,0,1962
1219000120,4,1.0,1140,13440,1.0,0,0,1944
5249804655,4,2.25,2010,7200,1.0,0,1,1950
4038400040,3,2.0,1670,8800,1.0,0,0,1961
3126049107,2,1.0,1640,5515,1.0,0,0,1926
924069106,4,2.0,1480,11171,1.5,0,0,1947
5466400530,3,2.5,1740,6992,2.0,0,0,1990
9438300035,3,1.75,2040,8173,1.0,0,0,1958
8819900220,2,1.75,1390,5025,1.5,0,0,1928
1954420230,3,2.5,2030,7549,1.0,0,0,1988
5113400264,4,2.0,1820,5001,2.0,0,0,1947
4036100175,4,2.5,2440,11700,1.0,0,0,1961
1644500450,3,3.0,2270,5175,2.0,0,0,2002
2329720040,3,2.5,2600,4506,2.0,0,0,2003
7922750150,4,2.25,2310,9800,1.0,0,0,1968
5566100205,3,1.75,1490,12000,1.0,0,0,1956
7222000209,4,2.75,1800,5453,1.0,0,0,2002
4046600120,3,1.75,1870,25157,2.0,0,0,1978
6844700975,2,1.0,1290,6528,1.5,0,0,1941
4222200210,4,2.0,1580,8000,1.0,0,0,1967
6646200770,4,2.5,2410,15899,2.0,0,3,1990
984200540,4,2.5,2050,9015,2.0,0,0,1973
5347200220,2,1.0,720,4758,1.0,0,0,1947
1546600230,3,2.5,2040,10033,1.0,0,0,1974
8562890910,4,2.5,3490,5000,2.0,0,0,2003
2768100040,2,1.0,1050,5000,1.0,0,0,1907
7852150220,3,2.5,1970,4036,2.0,0,0,2003
3705900124,5,1.75,2360,8642,1.5,0,0,1926
739000035,1,1.0,680,21727,1.0,0,0,1952
9238500040,3,2.5,2970,23100,1.0,0,0,1967
1245500276,3,2.5,2070,7200,2.0,0,0,2001
8802400644,3,2.5,2030,8000,2.0,0,0,1997
3782100035,3,1.0,960,8100,1.0,0,0,1955
6795100589,3,2.25,2840,59677,1.0,0,0,1967
930000234,4,2.0,2260,7680,1.0,0,0,1947
3331001165,3,1.0,820,5150,1.0,0,0,1918
2019200220,3,2.25,1470,8682,1.0,0,0,1985
3223059123,4,1.5,2750,128502,1.0,0,0,1958
126059021,4,1.0,1020,42966,1.5,0,0,1922
7732650040,4,2.5,3370,10602,2.0,0,0,1999
8944750730,3,2.25,1970,3716,2.0,0,0,1997
1118001201,4,2.5,3370,8402,1.0,0,0,1962
3626039279,2,1.0,960,6700,1.0,0,0,1951
5101400871,2,1.75,1390,6670,1.0,0,0,1941
1118001215,3,2.5,3420,8700,1.0,0,0,1951
7129304225,4,2.25,2340,5250,2.0,0,0,1965
7017200120,2,1.0,930,5077,1.0,0,0,1939
2597710450,3,2.25,2290,7350,2.0,0,0,1988
3395800155,3,1.0,990,8100,1.0,0,0,1949
2215500220,4,1.5,1580,6360,1.5,0,0,1945
7518503685,2,1.0,710,5100,1.0,0,0,1905
5451220150,4,2.25,3010,9800,2.0,0,0,1973
259600910,5,1.5,1420,9900,1.0,0,0,1964
2473100330,2,1.5,1280,8710,1.0,0,0,1967
1523069095,2,1.0,1320,24319,1.0,0,0,1966
7547300120,2,1.0,1080,5000,1.0,0,0,1954
3575302245,3,3.5,2150,4368,2.0,0,0,1998
216500040,3,2.5,2740,7980,2.0,0,0,1964
424069010,4,2.25,2470,17008,2.0,0,0,1979
2976800749,4,2.0,1460,7254,1.0,0,0,1959
752000035,4,2.5,2650,7945,2.0,0,0,2006
1005000220,2,1.0,2020,7540,1.0,0,0,1921
1023089096,3,1.0,1200,15843,1.0,0,2,1955
984000450,3,2.5,1850,7875,1.0,0,0,1968
1402650360,3,2.5,2430,7613,2.0,0,0,1986
2771603050,3,1.0,2090,4000,1.5,0,2,1931
2768300736,3,3.0,1760,2114,2.0,0,0,2008
1237500720,3,2.0,1340,9764,1.0,0,0,1944
1822350180,3,2.25,1330,8004,2.0,0,0,1985
8677900120,3,2.75,2100,20150,1.0,0,0,1955
7504100910,3,2.5,2400,12546,1.0,0,0,1983
2068500210,3,1.0,1140,9779,1.0,0,0,1963
9828702266,3,2.5,1480,1165,3.0,0,0,2006
925059219,4,2.5,1870,16200,1.0,0,0,1974
2131200925,3,1.75,1660,10000,1.0,0,0,1972
6415100297,3,2.5,2160,9063,2.0,0,0,1992
1591600676,3,1.0,990,9145,1.5,0,0,1939
1443500925,2,1.0,1140,11480,1.0,0,0,1907
5014600180,4,2.5,3000,5548,2.0,0,0,2006
7937900220,5,2.75,3630,38461,2.0,0,0,2000
2652501215,4,1.75,1880,3720,1.5,0,0,1924
2426059124,4,3.25,4160,47480,2.0,0,0,1995
8635751120,4,2.5,2460,4200,2.0,0,0,1998
8648700450,3,2.0,2290,9450,1.0,0,0,1979
3586501085,4,2.5,2290,26720,2.0,0,0,1977
3300701575,2,1.0,830,4000,1.0,0,0,1947
6817800220,3,2.0,1520,11067,1.0,0,0,1983
7942600975,4,1.75,1940,4800,1.0,0,0,1922
4047200065,4,1.75,1700,20283,1.5,0,0,1965
1331900410,4,3.0,3740,30884,2.0,0,0,1988
9324320040,4,2.5,2240,9826,1.0,0,0,1988
452001475,3,1.0,960,3600,1.0,0,0,1906
8114000040,4,1.75,1480,11200,1.0,0,0,1969
3265300410,3,1.0,2150,8480,1.0,0,0,1951
1081200360,3,1.75,1750,11180,1.0,0,0,1968
686550040,4,3.5,3820,13224,2.0,0,0,1990
1068000559,4,1.75,3720,8448,1.0,0,3,1947
5350200870,4,2.75,3010,3400,2.0,0,2,1923
2877103111,3,1.5,1670,5000,1.5,0,0,1912
2159800120,4,2.25,2250,13500,2.0,0,0,1980
120069003,4,3.0,3620,403693,2.0,0,2,1980
2190600243,3,1.5,1400,9600,1.0,0,0,1964
8965400210,3,2.25,2880,9750,2.0,0,0,1989
2023049218,2,1.0,930,7740,1.0,0,0,1932
5104520720,4,2.5,1770,9239,2.0,0,0,2004
7852020620,4,2.5,2190,4944,2.0,0,0,1999
4239410220,2,1.0,1520,4700,2.0,0,0,1978
4139900180,4,2.5,4500,35200,1.0,0,0,1988
2489200230,4,2.0,2000,8317,1.5,0,0,1917
7575500040,3,1.0,1010,8863,1.0,0,0,1990
7811100230,4,2.75,2020,15810,1.0,0,0,1967
4039700870,5,1.75,2870,9680,1.0,0,4,1966
603001020,3,1.75,1180,4000,1.0,0,0,1929
164000271,3,1.0,980,7228,1.5,0,0,1946
4027700799,3,2.25,1420,6600,1.0,0,0,1987
2781250530,2,2.5,1360,2693,2.0,0,0,2003
9523100458,2,2.5,1380,953,3.0,0,0,2006
5035300325,3,2.25,2910,15626,1.5,0,0,1923
1683800120,3,2.25,3100,11985,1.0,0,0,1963
9100000040,3,1.75,1710,4080,1.0,0,0,1979
4307330120,3,2.5,1680,4584,2.0,0,0,2003
1939120540,3,2.5,2390,8315,2.0,0,0,1990
3530430155,2,1.5,1220,3568,1.5,0,0,1976
952006680,2,1.5,900,5750,1.0,0,2,1940
866400040,5,3.0,2570,5590,1.0,0,0,2009
6788203060,3,2.75,2480,3240,1.5,0,0,1929
2423059060,3,3.75,2930,150945,2.0,0,0,1972
7967900150,4,2.5,3030,9500,2.0,0,0,1989
8937500040,3,1.75,1520,15344,1.0,0,0,1968
4222310220,3,1.5,1380,7600,1.0,0,0,1971
9238900085,5,1.75,2330,4947,1.0,0,0,1955
8805900065,5,3.25,4290,7019,2.5,0,0,1927
1266200120,2,1.0,1370,9460,1.0,0,0,1950
3448000344,5,3.0,2600,13674,1.0,0,0,1967
3052701135,3,1.75,2430,5000,2.0,0,0,1945
5427110040,4,2.5,2740,16007,2.0,0,0,1984
7812800995,2,1.0,790,5985,1.0,0,0,1944
774100355,2,2.0,2100,58488,2.0,0,0,2005
2354300456,2,1.0,600,1500,1.0,0,0,1900
8651442060,3,1.75,1570,4875,1.0,0,0,1977
6303400150,3,1.0,1160,8636,1.0,0,0,1923
5700003221,4,2.75,2990,7389,1.5,0,0,1923
7397300220,4,3.25,4430,21000,2.0,0,0,1952
8001600150,3,1.5,1810,8232,1.0,0,0,1988
3629970870,4,2.5,2120,3640,2.0,0,0,2005
952001765,2,2.0,1580,5750,1.0,0,0,1910
2126059219,4,1.75,2030,18295,1.5,0,0,1975
3867400180,2,1.0,1000,3513,1.0,0,4,1914
8086000201,3,2.5,1820,6848,1.0,0,0,1953
3330500085,2,1.0,1210,3090,1.0,0,0,1926
9407100720,3,1.75,1390,13200,2.0,0,0,1979
6450304130,2,1.0,1140,5250,1.5,0,0,1949
3031200230,3,1.0,2480,8906,1.0,0,0,1969
1623069023,4,2.5,2920,252648,2.0,0,0,2002
3904990210,4,2.5,2640,6738,2.0,0,0,1989
6145600040,3,3.25,1630,1677,3.0,0,0,2007
723000150,3,2.5,2570,5000,1.0,0,0,1940
8016200530,3,2.5,1580,7000,2.0,0,0,1992
4330600360,4,0.75,1440,13300,1.0,0,0,1948
5379800862,5,3.0,2480,7200,1.0,0,0,1999
824059305,5,4.0,5840,11652,2.0,0,1,1988
9527000040,3,1.75,1830,9758,1.0,0,0,1977
4338800720,4,2.0,1750,7800,1.0,0,0,1944
7461420210,3,1.75,1290,9760,1.0,0,0,1979
9839300775,4,2.25,2170,4080,2.0,0,0,1980
2856101755,3,2.0,1700,5100,1.5,0,0,1924
9547200835,3,1.0,2030,4080,1.5,0,0,1908
8079010230,3,2.5,2600,7210,2.0,0,0,1989
524069011,3,2.5,2290,14374,2.0,0,0,1983
7504010760,3,3.0,2470,11900,2.0,0,0,1976
7785380150,4,2.75,2720,6427,1.0,0,0,2008
3629760330,3,2.5,2370,4950,2.0,0,0,2003
8732000410,3,1.5,1760,9600,1.0,0,0,1966
3348401622,3,2.0,1310,8440,1.0,0,0,1951
8892900180,3,1.75,1160,6134,1.0,0,0,1998
6021502300,2,1.75,1560,4141,1.0,0,0,1942
3630110360,5,3.5,2980,5809,2.0,0,2,2005
8731980880,4,2.25,2180,8000,1.0,0,0,1975
6388910040,3,2.5,2450,7051,1.0,0,0,1990
4077800582,3,1.0,1150,7080,1.0,0,0,1952
6790200180,4,2.5,2620,9873,2.0,0,0,1987
3424069154,4,1.75,1450,8450,1.0,0,0,1960
1868901120,3,1.75,1980,3300,1.5,0,0,1926
9238450210,3,1.0,1030,9834,1.0,0,0,1969
1352300120,2,1.0,1500,4120,1.5,0,0,1928
5101404351,4,2.75,2160,5005,1.0,0,0,1987
2726049164,3,2.5,1480,8381,1.0,0,0,1968
8687800065,2,1.0,2160,12960,1.0,0,0,1968
2064800610,3,2.5,1610,10292,1.0,0,0,1969
8832900360,3,1.75,2250,11520,1.0,0,1,1956
455000841,2,1.0,870,7975,1.0,0,2,1946
5104512060,4,3.0,2430,7243,2.0,0,0,2003
2917200365,2,1.0,1470,7137,1.0,0,0,1941
9477100330,3,1.75,1510,8385,1.0,0,0,1968
2525300540,3,1.5,1090,9605,1.0,0,0,1969
2397101075,2,1.5,1570,3600,1.5,0,2,1906
7695470120,3,2.5,2260,33042,1.0,0,0,1986
7739100155,5,1.75,2850,11860,1.0,0,0,1951
8899210610,3,2.5,2330,8627,1.0,0,0,1980
7697870530,3,2.0,1410,7566,1.0,0,0,1985
7925100271,3,1.75,1200,4500,1.0,0,0,1906
5145100180,3,1.0,1150,7486,1.0,0,0,1970
4083300620,3,1.75,2460,4240,1.0,0,0,1925
9407102245,3,2.0,1350,11150,1.0,0,0,1995
9528104910,4,3.25,2110,3000,2.0,0,0,2001
629000704,4,2.0,1780,15648,1.5,0,0,1918
7852180650,3,2.5,1970,4058,2.0,0,0,2004
6716700325,3,1.0,1030,3000,1.0,0,0,1924
3530210180,4,3.0,4480,42717,2.0,0,0,1987
6840701225,4,1.5,2080,4400,1.5,0,0,1925
1774230180,5,2.25,3210,61419,1.5,0,0,1979
4027701326,4,2.25,2380,17199,2.0,0,0,1979
3329500730,3,1.75,1290,8250,1.0,0,0,1983
5253300173,3,1.0,1160,8950,1.0,0,0,1968
98000150,4,4.0,4930,22093,2.0,0,3,2004
8712100760,2,1.5,1790,4250,1.0,0,0,1915
4324210120,3,2.5,1680,15711,1.0,0,0,1994
3902100205,3,1.75,1190,4500,1.0,0,0,1922
7459810210,4,2.25,2050,26000,2.0,0,0,1977
3022079087,4,2.5,3400,247421,2.0,0,0,2001
4104900150,5,3.5,3060,8862,2.0,0,0,1989
2423039122,4,1.0,1900,9000,1.0,0,0,1948
2922700155,4,2.5,2000,4700,1.5,0,0,1944
1982200790,3,2.0,1490,3880,1.0,0,0,1959
1726069060,4,2.75,2890,46609,2.0,0,0,1981
6150200040,3,2.0,1790,6800,1.0,0,0,1964
7300400150,4,2.5,2350,6958,2.0,0,0,1998
3342103282,2,1.0,1240,42247,1.0,0,1,1915
2420069604,3,2.5,1720,6200,2.0,0,0,2014
1972201960,3,2.25,1500,1312,3.0,0,0,2007
1797500230,4,3.0,2570,4000,2.0,0,0,1909
7399300120,4,2.0,1480,8625,1.0,0,0,1974
3300701285,3,1.5,1250,4000,1.0,0,0,1955
3613600150,3,2.5,2370,6840,2.0,0,0,1987
6802200230,3,2.5,1430,9044,2.0,0,0,1991
3819800580,4,2.0,2070,10800,2.0,0,0,1982
7625701830,3,2.0,1840,6000,1.0,0,0,1908
2558690150,5,2.5,2510,8050,1.0,0,0,1977
1125059071,4,3.25,3340,10890,1.5,0,0,1963
3274850130,4,2.5,2600,8921,2.0,0,0,1991
3500100089,5,1.75,2760,18112,1.0,0,0,1968
3755100005,3,2.0,2010,12950,1.0,0,0,1953
4376800010,4,2.25,1960,9021,2.0,0,0,1973
1125079088,2,1.0,1330,92782,1.0,0,0,1950
5437820250,2,1.75,1020,10346,1.0,0,0,1983
7856700920,4,2.5,2190,11500,1.0,0,0,1972
2314300170,4,2.5,2090,6667,2.0,0,0,1997
7853340660,2,2.5,1650,2710,2.0,0,2,2008
8039900130,3,1.5,1570,12196,1.0,0,0,1972
1373800170,4,1.75,2010,6300,1.0,0,2,1937
7011201087,3,1.75,1220,1450,1.0,0,0,1905
8691510170,3,2.5,2230,5717,2.0,0,0,2004
9187200095,6,2.0,3080,5500,2.0,0,0,1900
1840200080,3,1.5,1890,9000,1.0,0,0,1959
8732190170,4,2.25,1860,12693,1.0,0,0,1978
2222049108,3,1.0,1130,10018,1.0,0,0,1954
290000095,6,1.75,2740,6360,1.0,0,3,1953
2788400020,3,1.0,1200,9527,1.0,0,0,1959
8825900020,5,3.0,2710,4200,2.0,0,0,1919
1460000080,3,2.25,1600,7620,1.0,0,0,1987
2944500470,4,2.75,2330,7642,1.0,0,0,1990
6891800250,4,2.25,3230,9935,2.0,0,0,1986
7504180170,3,2.25,1450,19206,2.0,0,0,1989
2769600305,6,2.75,3400,5000,2.0,0,2,1977
3876001330,4,1.5,1810,7200,1.0,0,0,1966
2926049376,2,1.0,1060,10423,1.5,0,0,1965
6064800470,3,2.25,1960,2345,2.0,0,0,2003
7511200020,3,1.75,1690,53578,1.0,0,0,1984
3223059217,2,1.0,940,15000,1.0,0,0,1960
3438500742,3,3.0,2240,10479,2.0,0,0,1950
923000413,4,1.5,1740,8160,1.5,0,0,1946
3762900130,2,1.75,1080,7242,2.0,0,0,1984
9218400050,4,3.0,2400,5400,2.0,0,2,1965
1250203135,3,1.75,1860,6000,2.0,0,2,1959
1424069069,6,4.5,6040,219542,2.0,0,0,1996
425059024,5,2.0,2420,21000,1.5,0,0,1966
7137970130,3,2.5,2360,8093,2.0,0,0,1995
8651440250,3,2.0,1500,5200,1.0,0,0,1977
3347400525,3,1.0,1070,14000,1.0,0,0,1960
321059132,3,1.75,1450,61419,1.0,0,0,1976
5547500050,3,2.25,1740,10378,1.0,0,0,1977
7215410430,4,2.5,2740,33158,2.0,0,0,1993
7972000010,3,1.75,1140,9628,1.0,0,0,1969
5113400364,4,1.5,2480,6383,1.0,0,0,1946
3342700491,3,2.5,2770,9350,2.0,0,3,1957
7708000010,3,2.0,1420,12655,1.0,0,0,1968
8946750170,4,2.25,1677,3600,2.0,0,0,2012
9414610020,5,3.25,3160,10000,2.0,0,0,1980
6679001060,3,2.5,1660,7388,2.0,0,0,2003
1702900664,2,2.5,1730,1037,3.5,0,0,2008
705710290,4,2.75,2190,6740,2.0,0,0,1995
8155830020,3,1.75,1720,7202,1.0,0,0,1995
1446110020,5,3.5,3672,9742,2.0,0,0,2006
2329600280,3,1.0,1510,8800,1.0,0,0,1963
6822100050,2,1.5,960,7200,1.0,0,0,1910
1087900050,3,1.75,2000,10182,1.0,0,0,1963
7922720250,4,2.5,2050,8094,1.0,0,0,1976
2581900235,4,2.75,2580,8100,2.0,0,1,1964
3793500920,3,2.5,2390,6441,2.0,0,0,2002
3459900305,4,3.25,3520,19354,1.0,0,2,1978
3126049415,3,1.75,1350,2325,3.0,0,0,1999
6145601995,3,1.5,1560,6774,1.0,0,0,1927
6303401150,2,1.0,810,8382,1.0,0,0,1942
3755500080,4,1.5,1320,14250,1.0,0,0,1954
7129303180,3,2.0,1290,6150,1.0,0,1,1950
4139910170,5,3.25,4050,35600,2.0,0,0,1990
5361700020,3,1.5,1450,7316,1.0,0,0,1961
5468780020,4,2.5,2210,5929,2.0,0,0,2004
104550660,3,2.5,1870,6821,2.0,0,0,1989
3762900020,2,1.75,1210,7507,1.0,0,0,1982
686300420,4,2.5,3220,7875,1.5,0,0,1966
7732410380,4,2.5,2770,8642,2.0,0,0,1987
2826049091,2,1.0,790,8100,1.0,0,0,1947
871001980,3,3.5,3020,4082,2.0,0,0,1954
6163901150,3,1.75,1590,9636,1.5,0,0,1953
3824100020,3,1.75,1510,9720,1.0,0,0,1948
2402100675,3,3.75,2050,6000,2.0,0,0,1910
3438501150,3,2.0,720,7598,1.0,0,0,1947
1612500170,4,1.0,1380,7110,1.5,0,0,1939
9406590010,4,3.25,2290,4785,2.0,0,0,2007
6669150280,4,2.5,2130,9653,1.0,0,0,1978
7436300170,2,2.5,1590,2088,2.0,0,0,1997
217700050,3,2.25,1780,9672,1.0,0,0,1960
9407150250,3,2.5,1600,7936,2.0,0,0,1996
6829900080,3,1.5,1400,9750,1.0,0,0,1964
4037700285,3,1.0,1300,7975,1.0,0,0,1958
5453700020,3,2.25,2180,9865,1.0,0,0,1966
428000225,3,1.0,1300,8160,1.0,0,0,1960
8133300050,3,1.75,1260,9346,1.0,0,0,1963
2310000440,3,2.25,1340,7202,2.0,0,0,1989
2473002500,3,1.75,2270,13000,1.0,0,0,1968
425079001,3,2.5,3230,129578,1.0,0,0,1964
87000213,2,1.0,1150,30184,1.0,0,0,1950
9541600255,4,1.75,2570,8640,1.0,0,0,1958
5538300460,5,1.5,1830,9000,1.0,0,2,1955
7625700305,3,1.75,1980,6250,1.0,0,1,1910
7784400130,6,2.75,3200,9200,1.0,0,2,1953
5116000170,3,2.5,1300,10484,2.0,0,0,1983
1939130420,4,2.5,2500,7417,2.0,0,0,1991
7016200460,4,2.25,2350,7210,1.5,0,0,1972
6664900470,4,2.5,1940,6887,2.0,0,0,1990
7856660130,5,2.75,3710,13874,1.5,0,3,1977
952001495,4,1.75,2170,5750,1.0,0,2,1975
7234600851,4,1.0,2210,4366,2.0,0,0,1901
7133300675,3,1.0,1140,4500,1.0,0,0,1907
7420200050,3,2.5,1850,7777,2.0,0,0,1989
8081900101,4,2.25,2410,4560,2.0,0,2,1929
1925059073,5,1.75,2130,19180,1.0,0,0,1968
522079022,3,2.5,2530,623779,1.0,0,0,1980
7972601680,3,1.0,910,7620,1.0,0,2,1971
4218400005,3,2.25,2440,9200,1.0,0,1,1950
3422059249,4,3.0,1530,8306,2.0,0,0,2010
224069169,4,3.75,2540,20662,2.0,0,0,1998
7202270440,4,2.5,2770,5612,2.0,0,0,2001
5315100277,5,4.25,3530,7924,2.0,0,0,2001
7100000250,3,1.0,1400,8710,1.0,0,0,1948
3303860630,4,3.0,2810,6000,2.0,0,0,2007
7574910420,4,1.5,2720,37258,2.0,0,0,1994
5037300130,3,1.75,1580,5750,1.0,0,2,1947
1552520010,3,2.5,1500,9636,2.0,0,0,1994
5113400168,3,1.75,2140,5808,1.0,0,1,1947
9346900170,4,2.25,2330,7020,1.0,0,0,1973
7397300170,4,3.5,5550,28078,2.0,0,2,2000
1077100020,3,1.5,1520,8519,1.0,0,0,1954
2473000680,3,1.75,1435,8960,1.0,0,0,1969
5700004040,3,3.25,3990,8505,2.0,0,2,1922
3303980470,4,3.25,3960,12895,2.0,0,0,2001
6788200605,3,1.75,2010,3800,2.0,0,0,1922
2214800170,3,2.5,1940,10350,1.0,0,0,1979
1644500050,6,3.5,4430,11453,2.0,0,0,2001
3262300920,4,3.0,2150,8119,2.0,0,0,1953
9533100080,3,1.5,1290,8175,1.0,0,0,1952
9561100080,4,2.25,2420,7927,1.0,0,0,1973
9544200277,4,3.25,4240,11189,2.0,0,2,2006
7893206305,3,1.5,2100,10000,1.0,0,0,1954
3083000048,5,2.75,2220,4000,1.0,0,0,1973
1257200020,3,1.0,1250,4590,1.5,0,0,1903
8857320130,2,2.25,1800,2748,2.0,0,0,1979
6457000080,5,1.75,1750,8325,1.0,0,0,1966
1126059022,4,2.5,2660,40312,2.0,0,0,1977
9578080130,3,3.0,1820,1641,3.0,0,0,2006
9323600280,4,2.5,3010,9600,1.0,0,2,1979
3575302938,3,1.0,1460,10000,1.5,0,0,2002
7140200250,4,2.75,1910,7210,1.0,0,0,1980
1245500725,3,1.75,1240,13869,1.0,0,0,1957
6633900170,3,2.5,1750,3354,2.0,0,0,1991
6145600780,2,1.0,1510,3844,1.0,0,0,1923
2768300655,3,3.0,1880,2200,2.0,0,0,2007
7625701795,4,3.5,3310,6000,2.0,0,2,2010
3303850290,5,4.0,4700,22326,2.0,0,0,2002
3751600430,3,1.75,1780,35233,1.0,0,0,1979
2114700500,1,1.0,560,4120,1.0,0,0,1947
4024101990,3,2.25,2090,7450,1.0,0,0,1978
9406590250,4,2.25,1870,5371,2.0,0,0,2009
3578700073,3,1.75,1120,9730,1.0,0,0,1944
4217402162,3,2.25,2390,7875,1.0,0,1,1948
5587000010,3,2.25,1680,8450,1.0,0,0,1960
7603100095,3,3.0,3230,8625,2.0,0,3,1998
5112800190,3,1.5,1180,11579,1.0,0,0,1962
7454000470,3,1.75,1530,6300,1.0,0,0,1942
4406000050,2,1.0,910,9612,1.0,0,0,1981
5561400470,4,3.25,3410,34939,2.0,0,0,1992
3223059173,4,2.0,1480,15000,1.0,0,0,1957
1454100010,2,1.0,720,6050,1.0,0,0,1951
1471701410,5,2.25,1700,13500,1.5,0,0,1962
3826500170,3,2.25,2130,8800,1.0,0,0,1978
2822059091,2,1.5,2060,7713,1.5,0,0,1930
3585900430,3,1.5,1810,18483,1.0,0,0,1954
2738600080,4,3.0,2740,2811,2.0,0,0,2003
1338800425,6,4.0,5110,7128,2.5,0,0,1906
8562000010,3,1.75,1210,8864,1.0,0,0,1985
6099400293,2,1.0,960,13438,1.0,0,0,1951
2294900010,3,1.75,2790,36585,1.0,0,0,1970
3299200080,4,2.75,2440,12051,1.0,0,0,1966
625049153,3,2.0,2060,4040,1.0,0,0,1947
1068000255,4,3.5,4285,9567,2.0,0,1,1946
3211290050,3,2.25,1580,39189,1.0,0,0,1992
9278200095,3,1.5,900,8690,1.5,0,0,1941
8823900290,9,4.0,4620,5508,2.5,0,0,1915
621069102,3,1.0,1300,10139,1.0,0,0,1962
5490210670,4,2.5,2070,7312,1.0,0,0,1977
8682291680,2,1.75,1930,4601,1.0,0,0,2006
6071700020,3,2.25,1640,8400,1.0,0,0,1962
2725069108,3,3.25,4610,81935,2.0,0,0,1984
1823069102,3,2.25,2430,73151,1.0,0,0,1974
7942601435,6,2.0,3560,5120,2.5,0,2,1900
1370802335,3,2.5,2920,5629,1.0,0,2,1955
3876311350,5,2.5,2080,8347,1.0,0,0,1975
2201500680,3,1.75,1480,8667,1.0,0,0,1954
6681500080,3,2.0,2230,4800,1.5,0,0,1915
40000669,4,2.5,2910,20067,2.0,0,0,2001
5538300225,4,1.75,2180,13529,1.0,0,0,1956
9839300285,3,2.5,2100,2200,2.0,0,0,1919
5466700290,3,2.25,2090,7500,1.0,0,0,1977
5561301150,5,3.0,3520,36558,2.0,0,0,1985
3624039150,3,2.0,1170,5360,1.0,0,0,1919
3955800080,5,1.5,1890,10880,1.0,0,0,1962
6150700005,4,2.5,1900,5001,1.0,0,0,2008
3904902630,4,2.5,2870,12648,2.0,0,0,1986
5152200020,3,1.75,1620,12825,1.0,0,0,1962
6415100122,4,2.0,1590,10331,1.5,0,0,1956
9292000380,3,2.25,1740,9682,1.0,0,0,1969
5561000920,4,2.75,2710,37277,2.0,0,0,2000
2815600235,2,1.0,840,7020,1.5,0,0,1943
8011100095,3,2.5,2090,6045,2.0,0,0,2000
5252000170,3,1.75,1910,10230,1.0,0,0,1964
7696500280,3,1.0,910,7194,1.0,0,0,1971
5306100255,3,2.25,1650,10336,1.0,0,0,1962
1177000130,4,2.75,2410,6000,1.0,0,0,1950
3905100630,3,2.25,1710,4561,2.0,0,0,1994
5469501410,4,2.5,3480,12696,1.0,0,0,1977
5215200050,3,2.5,2960,69351,2.0,1,3,1990
4027701284,3,2.25,1710,11500,1.0,0,0,1978
5269200050,2,1.0,700,8174,1.0,0,0,1941
1336800185,3,2.75,2500,5568,2.0,0,0,1905
1126059108,4,3.5,3930,43560,2.0,0,0,2003
7559600430,5,2.5,3220,4759,2.0,0,0,2003
5450900010,4,2.25,4070,23321,2.0,0,0,1968
8018600980,2,1.0,710,14700,1.0,0,0,1926
629410130,4,3.25,3200,7081,2.0,0,0,2004
9541600280,3,1.75,1670,9900,1.0,0,0,1957
7214770020,5,2.5,2650,54380,2.0,0,0,1984
2770604346,3,2.5,1540,1326,3.0,0,0,1995
1442700430,5,2.5,3180,23809,1.0,0,0,1978
8956000460,3,2.5,2010,3200,2.0,0,0,2009
6181700250,2,1.0,720,5820,1.0,0,1,1950
5259800440,3,1.75,1290,6604,1.0,0,0,1984
2473380920,5,2.5,1720,10202,1.5,0,0,1970
2787700630,4,2.5,2100,7355,1.0,0,0,1969
2856100250,4,2.5,2470,2550,3.0,0,0,2004
1250201640,3,2.0,2540,7200,1.5,0,3,1905
3630020380,3,2.5,1470,1779,2.0,0,0,2005
4047200825,1,1.0,1390,60984,1.0,0,0,1960
1453600182,2,1.0,800,6240,1.0,0,0,1954
3448002285,4,2.0,2100,13468,1.0,0,0,1962
1865800250,3,1.75,1010,6552,1.0,0,0,1969
7202360170,4,2.75,3500,7200,2.0,0,0,2005
641900050,4,2.25,2160,8817,1.0,0,0,1965
1453602313,2,1.5,1430,1650,3.0,0,0,1999
6413600290,3,1.0,1030,6127,1.0,0,0,1947
1823099028,3,2.0,1790,32379,1.0,0,0,2007
6815100380,3,1.75,1900,4000,1.0,0,0,1965
7525410190,3,1.75,2910,35200,1.5,0,0,1979
3783100080,3,1.5,1810,29308,1.0,0,0,1983
1112700010,3,2.25,1600,10240,1.0,0,0,1979
9269260420,4,2.5,2640,3899,2.0,0,0,2000
1951600250,3,1.0,830,9600,1.0,0,0,1959
5212000020,4,2.75,1910,11356,1.0,0,0,1977
6450303235,3,1.5,1320,2625,2.0,0,0,1986
7227501190,3,1.0,1220,5038,1.0,0,0,1942
7222000244,3,3.0,2850,9375,1.0,0,0,1977
415100010,4,2.5,2090,9702,1.0,0,0,1965
5500200010,3,1.75,1580,9049,1.0,0,0,1966
5006000170,4,1.0,1130,8308,1.5,0,0,1944
4178310080,5,2.75,3030,13640,2.0,0,0,1980
9475710170,4,2.5,2220,6800,2.0,0,0,2002
7631800015,3,3.25,5480,57990,2.0,1,4,1991
8127700210,2,1.75,1560,3200,1.0,0,0,1946
2025701390,3,2.25,1900,7479,2.0,0,0,1992
1561900330,4,3.0,2350,9952,1.0,0,0,1989
9277200065,3,2.0,2900,5650,1.0,0,2,1959
7515000035,2,1.0,1060,5754,1.0,0,0,1917
6705850300,4,2.5,3010,9323,2.0,0,0,1992
8651430220,3,1.0,870,5200,1.0,0,0,1969
7974200777,2,1.5,1260,6660,1.5,0,0,1926
1853080540,5,2.75,3460,7977,2.0,0,0,2011
3904930730,3,2.5,1910,5562,2.0,0,0,1988
1545805030,3,2.25,1740,5460,1.0,0,0,1998
6848200325,3,2.75,2240,3600,2.5,0,0,1901
5419800090,2,2.0,1070,8400,1.0,0,0,1980
1568100730,2,2.0,1040,5796,1.0,0,2,1921
7851990230,4,3.5,3920,11086,2.0,0,0,1999
2591730230,4,2.5,2040,5770,2.0,0,0,1994
9297800090,4,1.75,1360,4840,1.5,0,0,1928
9264030040,3,2.5,2650,12247,2.0,0,0,2002
472000590,3,2.0,2540,4750,1.5,0,0,1930
8824900120,4,3.0,2720,3800,2.0,0,0,1919
2826049160,4,1.75,1680,6834,1.5,0,0,1948
3449500035,3,1.75,2200,12231,1.0,0,0,1964
9358400150,5,3.5,4150,13232,2.0,0,0,2006
8074400150,3,1.0,1410,8174,1.0,0,0,1958
9512501400,3,1.0,1270,8800,1.0,0,0,1968
9320990120,4,2.5,2040,5523,2.0,0,0,1999
1623059092,3,2.0,1690,9583,1.0,0,0,1969
1872900065,3,1.75,1900,13600,1.0,0,0,1956
4322200220,3,2.75,3370,5350,1.5,0,1,1910
2946001675,2,1.0,940,5375,1.0,0,0,1952
7010700936,3,2.5,2860,4442,2.0,0,0,2000
7852090820,3,2.5,2500,4203,2.0,0,0,2001
1323059098,3,2.0,1220,14645,1.0,0,0,1970
323089085,3,2.0,2740,101930,1.0,0,2,1999
2220069003,3,2.75,1360,542322,1.0,0,2,1955
1226039058,4,1.75,2520,11017,1.0,0,0,1956
3188100065,2,1.0,910,6490,1.0,0,0,1942
9329300040,3,1.75,1550,7820,1.0,0,0,1981
259700180,4,1.0,1650,8250,1.0,0,0,1966
5100402310,2,1.0,1280,5026,1.0,0,2,1951
1776230180,4,2.5,2430,3249,2.0,0,0,2010
7889601320,2,1.0,940,6000,1.0,0,0,1943
9238430300,4,1.75,2550,39460,1.0,0,0,1982
7853210180,3,2.5,2340,3466,2.0,0,0,2004
859000018,3,2.5,1740,2226,2.0,0,0,2008
8072000035,3,1.0,1200,10703,1.5,0,0,1918
2798600120,4,2.5,1960,11798,2.0,0,0,1999
2892600056,2,1.0,1130,12500,1.0,0,0,1953
7518506716,3,2.5,2830,3750,3.0,0,0,2014
4310700778,3,2.25,1860,1558,3.0,0,0,2014
1561600056,4,3.5,4010,9654,2.0,0,0,2007
5500100120,4,1.75,1790,10186,1.0,0,0,1965
4472000040,4,3.0,1680,6003,1.0,0,0,1997
8691510150,3,2.5,1900,5194,2.0,0,0,2004
6163901380,2,1.0,960,8450,1.0,0,0,1950
6870000150,4,2.5,2820,4174,2.0,0,0,2004
3324079092,2,2.5,1320,48787,1.0,0,0,2004
9550200650,2,1.75,1170,2400,1.0,0,0,1903
7856000150,3,2.5,2630,10100,1.0,0,0,1967
7905390220,3,2.25,1780,7280,1.0,0,2,1972
6752000330,3,1.75,1490,11360,1.0,0,0,1975
9834200555,4,3.5,3090,4060,2.0,0,0,1992
8106100085,5,4.5,5190,23716,2.0,0,2,1987
7635800600,5,2.0,2280,19000,1.5,0,0,1924
1825079086,4,2.5,3010,46173,2.0,0,0,1996
5075400035,1,1.0,690,1950,1.0,0,0,1928
6430500219,1,1.0,1230,3774,1.0,0,0,1924
7011201333,3,3.25,1290,1230,2.0,0,2,2008
3024079096,4,2.5,2600,118666,1.0,0,0,1981
4335000145,3,1.75,1750,14400,1.0,0,0,1951
9459200120,3,2.0,1170,3868,1.5,0,0,1925
3959400645,5,3.0,3670,9600,1.0,0,1,1955
624110110,5,4.5,4820,13165,2.0,0,0,1990
5414100040,2,1.0,800,3000,1.0,0,0,1904
1762600090,4,2.5,3430,35120,2.0,0,0,1984
3388300590,5,2.25,2520,49222,2.0,0,0,1978
1591600506,4,2.25,2270,9464,1.5,0,0,1940
3307700405,2,1.0,1190,6967,1.0,0,0,1946
6751300375,3,1.0,1520,9030,1.0,0,0,1956
3244500037,3,2.5,2310,53578,1.0,0,0,1981
9828701745,2,1.0,710,4800,1.0,0,0,1950
984000410,3,2.5,2170,11745,1.0,0,0,1967
9286000110,5,3.75,4960,13990,2.0,0,2,2001
1425039029,5,4.0,4390,6656,2.0,0,0,2008
7539900040,4,2.5,1750,9000,1.0,0,0,1977
6744700343,5,3.0,2240,15435,1.0,0,1,1952
2944500330,4,2.5,2510,8580,2.0,0,0,1991
2461900850,4,1.0,1490,6000,1.5,0,0,1918
5561000330,3,1.75,2620,38350,1.0,0,0,1977
2895550330,3,2.5,1600,6848,2.0,0,0,2000
3024059149,4,2.25,3240,12930,2.0,0,0,1968
5021900945,3,2.0,2470,8800,2.0,0,0,1961
6141100395,2,1.0,870,6552,1.0,0,0,1947
2492200256,3,1.0,1000,4080,1.0,0,0,1945
8823901445,9,3.0,2820,4480,2.0,0,0,1918
7891600165,1,1.0,700,2500,1.0,0,0,1907
8673400141,3,3.0,1380,1081,3.0,0,0,2005
3904900610,3,2.5,1630,7586,2.0,0,0,1986
4473400155,4,3.5,3160,4200,2.0,0,4,1999
3885803465,3,1.75,1220,7447,1.0,0,0,1964
5126300650,3,2.5,2950,6545,2.0,0,0,2003
820000018,3,3.25,1860,2218,3.0,0,0,2001
3326049077,4,1.75,1770,12278,1.0,0,0,1937
955000453,2,2.25,1100,1114,2.0,0,0,2009
8820902350,4,3.5,3470,7396,2.0,0,3,1979
2112701165,4,1.0,1430,3600,1.0,0,0,1947
2154900040,3,2.25,2190,8834,1.0,0,0,1987
1386800054,5,2.75,2770,6116,1.0,0,0,1979
7942600910,1,1.0,1310,8667,1.5,0,0,1918
4242900245,2,1.0,1890,4700,1.0,0,0,1928
7923200150,4,1.75,2230,7957,1.0,0,0,1967
2600100110,4,2.5,2680,8778,2.0,0,0,1977
2473530100,4,2.5,2440,7155,2.0,0,0,1993
6018500015,2,1.0,890,6430,1.0,0,0,1935
2600140120,4,3.0,3140,9058,1.0,0,0,1989
8856003525,3,1.0,1010,7520,1.0,0,0,1975
1695900025,2,1.0,1010,3627,1.0,0,2,1924
5557700210,3,1.0,1100,9750,1.0,0,0,1966
7663700401,4,1.5,1820,22814,1.5,0,0,1920
5115000100,3,2.0,1490,8371,1.5,0,0,1984
1525069021,3,2.5,2580,214315,1.5,0,0,1946
2124049254,2,1.0,670,5600,1.0,0,0,1903
1925069066,3,2.75,2810,18731,2.0,1,4,1974
1437910090,4,2.5,2410,6440,1.0,0,0,1974
1455100355,3,2.5,3490,8343,2.0,1,4,1939
739980360,4,2.5,1810,4871,2.0,0,0,1999
8682211030,3,2.0,1440,3900,1.0,0,0,2002
6386200100,3,2.5,1400,7508,2.0,0,0,1987
290200230,4,2.5,2800,5368,2.0,0,0,2003
6669070220,3,2.25,2110,7279,1.0,0,0,1984
2197600388,2,1.5,830,1077,2.0,0,0,2006
4239400300,3,1.0,980,2490,2.0,0,0,1969
1328300820,3,1.75,1980,7000,1.0,0,0,1977
112900110,3,2.5,1620,5992,2.0,0,0,2001
1753500100,3,2.25,1980,8755,1.0,0,0,1963
4024101421,4,1.0,1460,7200,1.5,0,0,1955
486000085,4,3.5,2970,5000,2.0,0,2,2001
1453602310,2,1.5,1400,1650,3.0,0,0,1999
1321400650,3,2.25,1765,7652,2.0,0,0,1996
8645511500,4,2.75,2270,24237,1.0,0,0,1977
8965410150,4,2.5,3780,23623,2.0,0,0,1997
871000155,3,1.0,1650,5102,1.0,0,0,1953
3528000210,4,2.25,3440,35025,2.0,0,0,1988
722079015,3,2.5,2080,167270,1.0,0,0,2000
4323700230,4,1.75,2020,9750,1.0,0,0,1975
3816700150,3,2.0,2350,12480,1.0,0,0,1981
6865200981,2,1.0,1140,3750,1.0,0,0,1925
6324000115,3,2.0,2660,5000,1.5,0,3,1910
98000870,4,3.5,4460,16271,2.0,0,2,2001
2193300620,3,2.25,1840,13020,1.0,0,0,1980
8857600220,3,1.0,1200,8470,1.0,0,0,1961
8812401450,10,3.0,2920,3745,2.0,0,0,1913
1854750090,3,3.5,3680,11491,2.0,0,2,1999
2919700540,4,1.75,2320,4800,1.5,0,0,1918
844001145,2,1.0,880,4814,1.0,0,0,1906
567000401,4,2.5,2100,1397,3.0,0,0,2008
3362400650,4,2.75,2420,4635,1.5,0,0,1905
4178500150,3,2.25,1670,6600,2.0,0,0,1990
3892500150,3,2.5,4460,26027,2.0,0,0,1992
5492200090,4,2.75,2390,9300,1.0,0,0,1979
3992700475,3,1.75,1350,7200,1.0,0,0,1954
1685200110,3,1.75,1610,14182,1.0,0,0,1978
7574910650,4,2.5,3320,38032,2.0,0,0,1991
7974200937,3,1.5,1270,5112,1.0,0,0,1950
8682220230,2,2.5,2680,7625,1.0,0,0,2002
7852010900,3,2.5,2400,6182,2.0,0,0,1998
2623069106,6,3.5,3830,68825,2.0,0,0,1995
2108500110,3,2.25,2120,9804,2.0,0,0,1994
952006857,3,2.5,1070,1219,2.0,0,0,2004
9282801030,5,3.0,2730,6000,1.0,0,0,1979
6411600411,2,1.0,770,7200,1.0,0,0,1951
923000115,3,1.75,2310,7620,2.0,0,0,1942
3379200100,4,2.5,2210,6080,1.0,0,2,1965
6169901095,4,2.0,1980,7200,2.0,0,3,1910
9376301800,4,1.75,1960,4340,1.0,0,0,1912
424049059,3,2.0,1400,2445,1.0,0,0,2002
4442800040,3,2.25,2400,5000,1.5,0,0,1926
8961950410,3,2.0,2250,7904,1.5,0,0,1998
2895800710,3,1.75,1410,1899,2.0,0,0,2014
2922059212,6,5.0,3028,18055,2.0,0,0,2005
2767604425,3,3.25,1430,1276,3.0,0,0,2007
9188200505,4,2.5,1830,3868,2.0,0,0,2007
9831200172,4,3.5,2860,2199,3.0,0,0,2013
1934800162,2,1.5,960,1829,2.0,0,0,2005
5676000004,3,2.5,1430,1250,3.0,0,0,2007
8091670070,4,2.5,1850,5388,2.0,0,0,2009
7853380570,4,2.5,3340,5314,2.0,0,0,2010
3832050890,3,2.5,2010,5399,2.0,0,0,2006
9477580030,4,2.75,3340,5700,2.0,0,0,2013
7904700126,3,3.25,1370,915,2.0,0,0,2006
8562710550,5,3.75,5330,6000,2.0,0,2,2006
7853321180,5,2.5,2550,6405,2.0,0,0,2008
2517000260,4,3.5,3150,6202,2.0,0,0,2005
6056100370,3,2.25,2020,2750,2.0,0,0,2008
2597490140,4,3.25,3040,4155,2.0,0,0,2013
7203160090,4,2.75,3410,5838,2.0,0,0,2012
1773100315,4,2.5,2170,6000,2.0,0,0,2008
1760650750,4,2.5,2300,3825,2.0,0,0,2012
711000110,3,2.5,3060,9576,2.0,0,0,2005
1725059330,4,2.5,2570,9470,2.0,0,0,2006
9828701507,3,2.25,1640,1873,3.0,0,0,2014
3744000100,4,3.25,3230,4838,2.0,0,0,2014
2025049192,3,2.5,1380,1389,3.0,0,0,2008
1964700054,3,2.5,1660,1344,3.0,0,0,2008
8856004786,3,2.5,2217,8019,2.0,0,0,2009
8648900110,3,2.5,1940,3211,2.0,0,0,2009
8562780110,2,2.25,1230,1078,2.0,0,0,2008
2597490300,3,2.5,2350,4975,2.0,0,0,2012
9276200569,4,3.5,2730,3047,2.0,0,0,2006
1085623640,4,2.5,2598,5553,2.0,0,0,2014
8562780490,3,2.5,1150,683,2.0,0,0,2013
952002250,2,2.5,1340,999,2.0,0,0,2008
1773100980,3,2.25,1490,1294,2.0,0,0,2010
5021900635,3,2.0,3620,14250,2.0,0,0,2007
53500020,3,2.5,1870,4046,2.0,0,0,2007
5393600509,2,1.5,830,1858,2.0,0,0,2005
2895730280,5,3.25,4130,7197,2.0,0,0,2012
3630200780,4,3.75,3860,5474,2.5,0,0,2007
9578060660,4,2.5,2040,5616,2.0,0,0,2012
7853320470,4,3.5,2550,8698,2.0,0,0,2007
7853400250,4,3.5,2910,5260,2.0,0,0,2012
2326600130,4,3.5,3640,4983,2.0,0,3,2014
3424069008,4,2.5,2430,4747,2.0,0,0,2008
3278603000,3,3.0,2440,2076,2.0,0,0,2006
9319800050,4,2.5,2650,5000,2.0,0,0,2007
3304300080,4,2.5,3060,7710,2.0,0,0,2009
7694200380,3,2.5,1730,3600,2.0,0,0,2014
635000009,2,2.5,2350,2390,3.0,0,2,2007
9268851680,3,2.5,2134,1984,2.5,0,0,2008
7202261060,3,2.5,2560,5238,2.0,0,0,2001
7237450130,4,2.5,2220,3561,2.0,0,0,2014
662440020,4,2.5,2420,4981,2.0,0,0,2009
7625702901,2,1.0,970,3279,2.0,0,0,2007
2810100007,3,2.25,1250,811,3.0,0,0,2014
9512200420,4,2.5,2154,4153,2.0,0,0,2012
3413700130,3,2.5,2320,2267,3.0,0,0,2009
7203140420,3,2.5,1740,4145,2.0,0,0,2010
3023000050,3,2.5,1760,10137,2.0,0,0,2010
1085623560,4,2.5,2930,4875,2.0,0,0,2014
7237450080,4,2.5,2245,4301,2.0,0,0,2014
2771603314,2,2.25,1060,925,2.0,0,0,2006
9492500170,4,2.75,3020,7203,2.0,0,0,2014
3630200630,4,2.5,3020,3600,2.5,0,0,2009
3528960020,3,2.75,2830,3496,2.0,0,0,2012
2768301357,3,2.25,1530,1396,2.0,0,0,2007
5045700090,5,2.75,2670,4780,2.0,0,0,2013
2768200209,2,2.5,1500,1174,2.0,0,0,2014
3034200087,5,3.0,3010,7357,2.0,0,0,2008
9211010220,4,2.5,3250,4500,2.0,0,0,2008
2436700625,2,2.5,1450,1281,2.0,0,0,2006
1853080850,5,2.75,3030,7679,2.0,0,0,2014
8691440410,4,3.5,3860,6543,2.0,0,0,2014
2902201301,2,1.75,1180,900,2.0,0,0,2014
3278612370,3,2.5,1580,2765,2.0,0,0,2011
2700200040,4,2.5,2480,4334,2.0,0,0,2012
7625702264,2,2.0,1110,1155,3.0,0,0,2008
1176001123,3,2.5,1510,1493,3.0,0,0,2014
7519001068,3,3.5,1600,1431,2.0,0,0,2006
6891100330,4,2.75,3340,5677,2.0,0,0,2011
1900600015,3,2.5,1930,6604,2.0,0,0,2014
5112800291,3,2.5,2390,47480,2.0,0,0,2007
7234600820,3,1.5,1300,1435,2.0,0,0,2007
1946000100,4,2.75,2170,5024,2.0,0,0,2012
8956200560,4,2.5,2502,8306,2.0,0,0,2013
7899800857,2,2.0,1070,635,2.0,0,0,2008
2937300520,4,2.75,3110,6050,2.0,0,0,2014
6666830390,5,2.5,2590,7084,2.0,0,0,2014
301400320,3,2.5,1489,3266,2.0,0,0,2014
5416510200,4,2.5,2380,4913,2.0,0,0,2006
6844700575,3,2.0,2550,4794,2.0,0,0,2007
2428100070,3,3.5,2940,6431,2.0,0,0,2014
3682000060,4,3.5,2796,3520,2.5,0,0,2013
3629980860,4,2.75,2330,3920,2.0,0,0,2005
1332700030,2,2.25,1610,1968,2.0,0,0,1979
3630220140,4,3.5,3200,3250,2.0,0,0,2007
8562780800,2,1.75,1120,758,2.0,0,0,2012
423059409,4,2.5,2230,5650,2.0,0,0,2011
3204960200,3,3.5,3390,10078,2.0,0,0,2012
7853370260,4,3.25,3420,6752,2.0,0,2,2012
7172200125,3,2.5,3400,5119,2.0,0,0,2014
9406710060,5,2.5,2460,5604,2.0,0,0,2011
9536600810,4,2.5,1984,32400,1.0,0,0,1962
3845101070,4,2.5,2568,5000,2.0,0,0,2014
5541300135,4,2.5,2610,5140,2.0,0,0,2006
2997800024,2,1.5,1310,1264,2.0,0,0,2006
7772850060,3,2.5,1420,3542,2.0,0,0,2007
8682300400,3,2.5,2320,6775,1.0,0,0,2008
946000295,3,2.25,1440,1362,3.0,0,0,2014
9279700013,3,3.0,3460,5353,2.0,0,0,2007
7203600560,4,3.5,3200,7605,2.0,0,2,2013
2895800640,2,1.75,1290,1493,2.0,0,0,2014
2770601769,3,2.25,1230,1238,2.0,0,0,2009
2211300260,3,2.5,2828,4050,2.0,0,0,2013
5288200072,2,1.5,1440,725,2.0,0,0,2011
8943600360,3,2.25,1350,3582,2.0,0,0,2010
8669180150,4,3.0,1984,4419,2.0,0,0,2010
2124069115,4,4.25,4500,215186,2.0,0,3,2009
1657530180,3,2.5,1760,2688,2.0,0,0,2005
1689401526,3,2.5,1500,1119,3.0,0,2,2008
8725950360,2,1.75,1570,1108,3.0,0,0,2007
8138870530,2,2.5,1590,1426,2.0,0,0,2014
7889601165,3,2.5,1700,2250,2.0,0,0,2014
8562790150,4,3.25,3060,3898,2.0,0,0,2014
9126101121,3,2.25,1450,1619,2.0,0,0,2006
9826701201,2,1.5,1530,1012,2.0,0,0,2005
6300500476,3,2.5,1509,1114,3.0,0,0,2014
2597490410,3,2.5,2350,3798,2.0,0,0,2013
7338220120,4,2.5,2150,3721,2.0,0,0,2006
8956200770,4,3.5,3906,9674,2.0,0,2,2014
4058800439,5,3.0,3190,7081,1.0,0,2,2013
1498301048,2,1.25,860,1277,2.0,0,0,2007
4449800480,6,3.0,2800,4213,2.0,0,0,1998
2867300170,4,2.5,3402,14355,2.0,0,0,2014
8564860130,5,3.5,3440,6037,2.0,0,0,2014
8562780190,2,2.25,1240,705,2.0,0,0,2009
9532000010,3,2.5,2000,3837,2.0,0,0,2011
4233800020,4,2.5,2701,5821,2.0,0,0,2013
8562790480,3,2.5,2220,2873,2.0,0,0,2012
9268850480,3,1.75,1300,1237,2.0,0,0,2008
8648900010,4,2.5,1880,3853,2.0,0,0,2010
5422950170,5,2.5,3370,5092,2.0,0,0,2006
923059252,4,3.25,2510,5311,2.0,0,0,2009
4045500950,3,1.5,1680,8000,1.5,0,0,2012
9293000170,5,2.5,3410,4726,2.0,0,0,2007
1760650500,4,2.5,2300,4482,2.0,0,0,2013
6909200007,3,1.75,1458,858,2.0,0,0,2014
3814900660,4,2.5,3281,5354,2.0,0,0,2014
7207900050,5,3.5,2760,3846,2.5,0,0,2013
2140950130,4,2.5,2990,7928,2.0,0,0,2011
7628700050,3,2.5,3020,4120,2.0,0,0,2008
301401630,4,2.75,2475,4000,2.0,0,0,2014
1042700080,5,2.75,3010,4919,2.0,0,0,2014
2768301476,3,2.25,1280,1517,2.0,0,0,2008
6600000050,4,3.5,3950,6240,2.0,0,0,2015
4187000190,3,2.5,2000,4500,2.0,0,0,2010
5045700470,4,2.75,3050,4750,2.0,0,0,2014
8835770170,5,6.0,6880,279968,2.0,0,3,2007
1704900303,3,2.25,1720,5234,2.0,0,0,2011
6132600655,3,2.25,2890,5000,3.0,0,0,2014
7169500130,2,2.25,1460,1623,2.0,0,0,2005
3123089027,3,2.5,3800,104979,2.0,0,0,2005
3630080190,3,2.5,1500,2314,2.0,0,0,2005
8024200684,3,1.5,1400,1091,3.0,0,0,2007
5649600462,2,2.5,1390,1821,2.0,0,0,2007
3448740360,4,2.5,2190,4866,2.0,0,0,2009
3299710110,4,3.5,3910,8095,2.0,0,0,2007
2325400040,3,2.25,1900,3800,2.0,0,0,2006
3126049498,3,1.5,1360,1167,3.0,0,0,2008
7104100110,4,3.5,2490,5500,2.0,0,0,2015
9544700730,4,2.5,3950,10856,3.0,0,0,2013
825059349,4,3.5,3770,8501,2.0,0,0,2008
6431000987,3,2.25,1630,1598,3.0,0,0,2008
7853370100,3,2.75,3230,5200,2.0,0,0,2014
4216500110,5,2.75,3030,10335,2.0,0,0,2013
2413910120,3,4.5,3850,62726,2.0,0,0,2013
2625069038,4,3.5,4300,108865,2.0,0,0,2014
9578060230,4,2.5,2610,4595,2.0,0,0,2008
524059322,3,2.5,2100,4097,2.0,0,0,2008
8562780180,2,2.25,1170,1011,2.0,0,0,2009
1043000100,4,2.5,2531,6843,2.0,0,0,2013
7168100015,5,2.75,3080,5752,2.0,0,0,2014
6056111067,3,1.75,1140,1201,2.0,0,0,2014
7011201004,3,3.25,1730,1229,2.0,0,2,2008
3052700432,3,2.25,1500,1290,2.0,0,0,2006
2767604724,2,2.5,1430,1201,3.0,0,0,2009
2767600688,2,1.5,1210,1278,2.0,0,0,2007
4140940150,4,2.75,2770,3852,2.0,0,0,2014
7202300110,4,3.0,3990,7838,2.0,0,0,2003
249000205,5,3.75,4470,8088,2.0,0,0,2008
7936000429,4,3.5,3510,7200,2.0,0,0,2009
